date,channel,variant,impressions,clicks,conversions,spend,revenue,ctr,conversion_rate,cac,roas
2024-02-22,Email,A,3058,208,25,3.02,1231.61,0.06801831262262917,0.1201923076923077,0.12,407.82
2024-02-24,TikTok,B,8901,246,10,35.77,522.35,0.027637344118638354,0.04065040650406504,3.58,14.6
2024-10-02,Google Search,B,3997,133,13,47.03,668.08,0.03327495621716287,0.09774436090225563,3.62,14.21
2024-03-15,Email,B,3258,276,31,3.23,1522.07,0.0847145488029466,0.11231884057971014,0.1,471.23
2024-01-05,Instagram,A,7761,125,4,42.11,175.82,0.016106171885066356,0.032,10.53,4.18
2024-01-15,Facebook,A,8236,142,7,53.91,333.67,0.017241379310344827,0.04929577464788732,7.7,6.19
2024-01-03,Google Search,B,5924,224,16,75.08,876.23,0.03781228899392303,0.07142857142857142,4.69,11.67
2024-01-14,Instagram,B,7650,167,5,41.08,254.69,0.021830065359477124,0.029940119760479042,8.22,6.2
2024-01-14,TikTok,B,8135,245,10,31.96,563.37,0.03011677934849416,0.04081632653061224,3.2,17.63
2024-03-08,Email,B,3026,272,34,3.19,2187,0.0898876404494382,0.125,0.09,685.58
2024-03-17,Instagram,B,8474,151,6,46.47,288.07,0.017819211706396033,0.039735099337748346,7.74,6.2
2024-01-04,Email,A,2998,204,19,3.1,1106.37,0.06804536357571714,0.09313725490196079,0.16,356.89
2024-02-04,Email,A,3582,302,34,3.38,1789.85,0.08431044109436069,0.11258278145695365,0.1,529.54
2024-01-15,TikTok,A,8135,148,3,34.12,171.95,0.01819299323909035,0.02027027027027027,11.37,5.04
2024-03-28,TikTok,B,14056,350,17,58.05,1055.69,0.0249003984063745,0.04857142857142857,3.41,18.19
2024-03-15,Facebook,A,7527,151,6,51.8,296.94,0.02006111332536203,0.039735099337748346,8.63,5.73
2024-02-16,TikTok,A,9113,188,5,37.19,289.03,0.020629869417315923,0.026595744680851064,7.44,7.77
2024-02-21,Instagram,A,9045,129,4,51.57,244.85,0.014262023217247097,0.031007751937984496,12.89,4.75
2024-02-10,Facebook,B,7778,208,10,49.51,516.95,0.02674209308305477,0.04807692307692308,4.95,10.44
2024-02-21,Google Search,A,4556,195,20,57.24,998.62,0.04280070237050044,0.10256410256410256,2.86,17.45
2024-01-10,Instagram,B,8713,182,7,47.34,422.86,0.020888327786066797,0.038461538461538464,6.76,8.93
2024-01-20,Email,B,3363,203,24,3.95,1643.45,0.06036277133511746,0.11822660098522167,0.16,416.06
2024-02-04,Email,B,3324,266,30,3.44,1464.97,0.08002406738868832,0.11278195488721804,0.11,425.86
2024-01-26,Google Search,A,5882,311,25,71.61,1361.76,0.05287317239034342,0.08038585209003216,2.86,19.02
2024-02-01,TikTok,B,8952,306,13,37.08,538.23,0.03418230563002681,0.042483660130718956,2.85,14.52
2024-03-07,Google Search,A,4872,228,20,57.82,1199.31,0.046798029556650245,0.08771929824561403,2.89,20.74
2024-01-27,Facebook,A,7052,161,7,49.06,390,0.022830402722631878,0.043478260869565216,7.01,7.95
2024-01-20,Google Search,A,4416,167,16,55.67,832.59,0.03781702898550725,0.09580838323353294,3.48,14.96
2024-02-20,TikTok,A,9968,215,5,42.71,286,0.021569020866773675,0.023255813953488372,8.54,6.7
2024-02-01,Email,B,3006,312,39,2.94,1715.17,0.10379241516966067,0.125,0.08,583.39
2024-02-18,Email,B,2894,262,27,2.97,1477.5,0.09053213545266067,0.10305343511450382,0.11,497.47
2024-03-18,Instagram,A,9275,146,3,52.83,160.84,0.01574123989218329,0.02054794520547945,17.61,3.04
2024-03-29,TikTok,A,9211,190,5,34.77,312.6,0.020627510585169907,0.02631578947368421,6.95,8.99
2024-02-03,Email,A,3145,254,30,3.14,1737.5,0.0807631160572337,0.11811023622047244,0.1,553.34
2024-03-20,TikTok,A,10462,235,6,44.6,370.82,0.022462244312750908,0.02553191489361702,7.43,8.31
2024-01-25,TikTok,A,8490,180,5,36.615,264.45,0.02120141342756184,0.027777777777777776,7.32,7.22
2024-02-18,Instagram,B,9145,160,6,55.36,376.01,0.017495899398578457,0.0375,9.23,6.79
2024-01-14,TikTok,A,6625,102,2,26.03,105.35,0.01539622641509434,0.0196078431372549,13.02,4.05
2024-01-05,Google Search,B,6030,242,17,59.49,1104.85,0.040132669983416254,0.07024793388429752,3.5,18.57
2024-02-06,TikTok,B,8911,343,15,34.64,759.2,0.0384917517674784,0.043731778425655975,2.31,21.92
2024-02-12,Facebook,A,7530,146,7,44.59,245.64,0.019389110225763614,0.04794520547945205,6.37,5.51
2024-01-21,Email,A,3050,199,21,3.3,1112.9,0.06524590163934427,0.10552763819095477,0.16,337.24
2024-02-06,Instagram,A,6927,117,4,39.89,202.54,0.016890428757037678,0.03418803418803419,9.97,5.08
2024-03-30,Email,B,2715,236,31,2.71,1795.57,0.08692449355432781,0.13135593220338984,0.09,662.57
2024-02-28,Facebook,A,7494,106,5,49.9,279.99,0.014144649052575394,0.04716981132075472,9.98,5.61
2024-01-30,Facebook,B,7378,151,7,43.69,396.99,0.020466251016535646,0.046357615894039736,6.24,9.09
2024-03-15,Instagram,A,8148,123,3,42.96,137.78,0.015095729013254787,0.024390243902439025,14.32,3.21
2024-03-05,Facebook,B,8542,240,9,56.29,426.93,0.028096464528213533,0.0375,6.25,7.58
2024-03-18,TikTok,A,9560,187,6,39.36,276.37,0.019560669456066944,0.03208556149732621,6.56,7.02
2024-02-17,Instagram,B,8773,155,6,45.38,336.56,0.0176678445229682,0.03870967741935484,7.56,7.42
2024-02-12,Facebook,B,8742,182,9,57.16,375.89,0.02081903454587051,0.04945054945054945,6.35,6.58
2024-01-16,Instagram,A,6950,116,4,39.69,221.56,0.01669064748201439,0.034482758620689655,9.92,5.58
2024-01-05,Google Search,A,5586,254,21,63,1366.42,0.04547081990691013,0.08267716535433071,3,21.69
2024-03-28,Facebook,A,8541,158,6,56.64,358.68,0.018499004800374662,0.0379746835443038,9.44,6.33
2024-03-22,Instagram,B,9358,168,8,56,468.02,0.017952553964522333,0.047619047619047616,7,8.36
2024-01-25,Email,A,2271,243,29,2.24,1839.11,0.10700132100396301,0.11934156378600823,0.08,821.03
2024-02-09,TikTok,B,8622,275,8,35.98,451.1,0.03189515193690559,0.02909090909090909,4.5,12.54
2024-01-16,Instagram,B,9261,182,7,49.44,324.92,0.019652305366591082,0.038461538461538464,7.06,6.57
2024-02-29,Instagram,B,9184,201,8,47.74,301.95,0.02188588850174216,0.03980099502487562,5.97,6.32
2024-01-02,Google Search,A,5788,283,28,69.76,1685.68,0.04889426399447132,0.0989399293286219,2.49,24.16
2024-02-19,Google Search,B,4972,168,17,62.33,1007.04,0.03378921962992759,0.10119047619047619,3.67,16.16
2024-02-10,Instagram,A,7837,116,4,44.43,201.93,0.014801582238101314,0.034482758620689655,11.11,4.54
2024-02-02,Facebook,B,9547,254,13,50.79,666.36,0.026605216298313607,0.051181102362204724,3.91,13.12
2024-02-07,Google Search,A,5164,275,23,64.33,1597.24,0.05325329202168862,0.08363636363636363,2.8,24.83
2024-03-21,Facebook,B,7349,170,7,48.57,292.72,0.023132398965845694,0.041176470588235294,6.94,6.03
2024-03-09,Email,A,3246,219,27,3.3,1381.68,0.06746765249537892,0.1232876712328767,0.12,418.69
2024-01-19,TikTok,A,8007,167,3,30.63,191.71,0.02085675034344948,0.017964071856287425,10.21,6.26
2024-01-27,Email,A,3226,205,22,3.15,763.83,0.06354618722876627,0.1073170731707317,0.14,242.49
2024-01-29,Google Search,A,4977,220,18,61.3,1125.64,0.044203335342575846,0.08181818181818182,3.41,18.36
2024-03-05,Email,A,2939,274,24,3.07,1311.13,0.09322898945219463,0.08759124087591241,0.13,427.08
2024-03-12,Email,B,2728,254,27,2.43,1436.47,0.09310850439882698,0.1062992125984252,0.09,591.14
2024-01-20,TikTok,B,8735,318,6,36.77,309.21,0.036405266170578134,0.018867924528301886,6.13,8.41
2024-02-11,Instagram,B,8584,184,8,47.67,320.66,0.021435228331780055,0.043478260869565216,5.96,6.73
2024-01-21,Facebook,B,8419,193,10,54.97,477.99,0.022924337807340538,0.05181347150259067,5.5,8.7
2024-01-26,Google Search,B,4792,176,12,58.48,689.88,0.03672787979966611,0.06818181818181818,4.87,11.8
2024-02-07,TikTok,A,8848,200,6,36,264.83,0.022603978300180832,0.03,6,7.36
2024-08-02,Instagram,A,7798,100,3,39.05,132.43,0.012823800974608874,0.03,13.02,3.39
2024-03-05,Facebook,A,6348,104,6,43.91,378.9,0.01638311279143037,0.057692307692307696,7.32,8.63
2024-06-03,Instagram,A,7497,67,2,39.36,99.22,0.008936908096571963,0.029850746268656716,19.68,2.52
2024-03-16,Google Search,B,4788,177,15,54.9,927.98,0.03696741854636591,0.0847457627118644,3.66,16.9
2024-02-17,Google Search,B,5446,177,18,63.39,756.21,0.032500918105031217,0.1016949152542373,3.52,11.93
2024-03-20,Email,A,3315,304,35,3.13,2094.64,0.09170437405731523,0.11513157894736842,0.09,669.21
2024-02-09,TikTok,A,9751,264,5,36.53,287.25,0.027074146241411138,0.01893939393939394,7.31,7.86
2024-08-02,Google Search,B,5707,224,15,67.77,714.11,0.03925004380585246,0.06696428571428571,4.52,10.54
2024-03-02,Instagram,B,10365,182,8,58.8,412.97,0.017559093101784853,0.04395604395604396,7.35,7.02
2024-02-14,Instagram,A,9842,166,5,56.1,237.57,0.016866490550701076,0.030120481927710843,11.22,4.23
2024-02-12,TikTok,B,8655,210,9,37.78,540.87,0.024263431542461005,0.04285714285714286,4.2,14.32
2024-01-26,Instagram,B,9038,158,6,49.64,361.62,0.01748174374861695,0.0379746835443038,8.27,7.28
2024-02-16,TikTok,B,10469,320,14,44.62,592.27,0.03056643423440634,0.04375,3.19,13.27
2024-02-14,Email,B,3487,308,44,3.41,2809.37,0.08832807570977919,0.14285714285714285,0.08,823.86
2024-03-11,Google Search,A,4943,219,22,58.79,1396.39,0.04430507788792232,0.1004566210045662,2.67,23.75
2024-02-04,TikTok,A,8282,128,4,34.63,232.55,0.015455204056991065,0.03125,8.66,6.72
2024-01-15,Google Search,B,4837,178,16,56.14,652.03,0.03679966921645648,0.0898876404494382,3.51,11.61
2024-03-01,TikTok,B,9209,326,11,38.33,765.69,0.03540015202519275,0.03374233128834356,3.48,19.98
2024-03-14,Facebook,A,7446,128,5,47.8,231.44,0.017190437818963202,0.0390625,9.56,4.84
2024-01-27,Instagram,B,8902,175,7,47.27,363.91,0.019658503707032128,0.04,6.75,7.7
2024-02-21,Facebook,A,9206,183,8,57.47,436.3,0.019878340212904626,0.04371584699453552,7.18,7.59
2024-02-05,Facebook,B,7230,156,7,50.17,360.18,0.021576763485477178,0.04487179487179487,7.17,7.18
2024-03-17,TikTok,A,10715,192,5,42.65,237.91,0.017918805412972468,0.026041666666666668,8.53,5.58
2024-01-18,TikTok,A,8720,158,5,35.01,326.3,0.018119266055045873,0.03164556962025317,7,9.32
2024-01-08,Instagram,A,8592,126,5,46.79,263.83,0.014664804469273743,0.03968253968253968,9.36,5.64
2024-03-02,Google Search,B,4578,176,15,49.85,830.9,0.03844473569244211,0.08522727272727272,3.32,16.67
2024-01-16,Facebook,A,6714,132,7,43.14,399.53,0.01966041108132261,0.05303030303030303,6.16,9.26
2024-03-05,TikTok,A,10489,187,5,39.63,244.34,0.017828200972447326,0.026737967914438502,7.93,6.17
2024-03-19,TikTok,B,10157,323,13,39.94,622.71,0.03180072856158314,0.04024767801857585,3.07,15.59
2024-03-28,Instagram,A,7844,105,4,44.52,204.11,0.013386027536970933,0.0380952380952381,11.13,4.58
2024-02-26,Google Search,A,4334,197,19,49.47,1203.15,0.045454545454545456,0.09644670050761421,2.6,24.32
2024-03-29,Instagram,A,9123,150,4,50.23,194.98,0.01644195988161789,0.02666666666666667,12.56,3.88
2024-03-05,Google Search,B,5061,203,14,57.24,833.3,0.040110650069156296,0.06896551724137931,4.09,14.56
2024-02-02,Instagram,B,10606,222,8,65.14,453.73,0.020931548180275317,0.036036036036036036,8.14,6.97
2024-02-20,Instagram,B,8985,204,8,48.71,324.36,0.022704507512520868,0.0392156862745098,6.09,6.66
2024-03-05,Instagram,B,9570,236,9,51.51,437.64,0.02466039707419018,0.038135593220338986,5.72,8.5
2024-01-12,TikTok,A,8198,150,4,32.47,150.55,0.018297145645279338,0.02666666666666667,8.12,4.64
2024-05-03,Google Search,A,5418,249,27,59.45,1160.93,0.04595791805094131,0.10843373493975904,2.2,19.53
2024-02-25,Facebook,A,8805,148,6,53.05,398.04,0.01680863145939807,0.04054054054054054,8.84,7.5
2024-02-29,Email,B,2854,210,23,2.83,1191.88,0.07358093903293624,0.10952380952380952,0.12,421.16
2024-01-13,TikTok,B,6111,189,7,23.89,410.89,0.030927835051546393,0.037037037037037035,3.41,17.2
2024-01-29,Instagram,A,8885,128,3,51.06,222.81,0.014406302757456387,0.0234375,17.02,4.36
2024-01-11,Facebook,B,8732,197,10,53.57,522.17,0.022560696289509848,0.050761421319796954,5.36,9.75
2024-03-21,TikTok,B,9642,257,9,35.83,510.88,0.026654221115951046,0.03501945525291829,3.98,14.26
2024-01-13,Email,A,2513,181,20,2.42,617.13,0.07202546756864306,0.11049723756906077,0.12,255.01
2024-02-05,Google Search,B,5607,253,23,67.46,1030.6,0.045122168717674334,0.09090909090909091,2.93,15.28
2024-01-17,TikTok,B,8135,362,14,30.91,851.04,0.044499078057775046,0.03867403314917127,2.21,27.53
2024-03-07,Facebook,B,7193,196,12,44.64,627.47,0.027248714027526762,0.061224489795918366,3.72,14.06
2024-03-25,TikTok,A,9299,176,5,34.3,255.44,0.018926766318959027,0.028409090909090908,6.86,7.45
2024-01-25,Email,B,3518,208,23,3.51,1559.04,0.059124502558271744,0.11057692307692307,0.15,444.17
2024-03-21,Google Search,B,5189,177,16,65.19,882.48,0.03411061861630372,0.0903954802259887,4.07,13.54
2024-01-26,Email,B,2527,214,28,2.38,1810.79,0.08468539770478829,0.1308411214953271,0.08,760.84
2024-01-17,Facebook,B,8580,258,13,57.63,645.44,0.03006993006993007,0.050387596899224806,4.43,11.2
2024-03-27,TikTok,A,12038,211,6,46.03,402.12,0.017527828542947335,0.02843601895734597,7.67,8.74
2024-03-06,TikTok,A,9394,170,4,40.79,232.1,0.018096657440919737,0.023529411764705882,10.2,5.69
2024-03-30,TikTok,A,11168,257,8,49.06,437.32,0.0230121776504298,0.0311284046692607,6.13,8.91
2024-02-11,Facebook,B,8766,243,10,59.43,599.22,0.027720739219712527,0.0411522633744856,5.94,10.08
2024-02-22,TikTok,B,9310,285,13,36.79,810.7,0.030612244897959183,0.0456140350877193,2.83,22.04
2024-01-16,Email,A,3127,231,28,3.02,1026.37,0.0738727214582667,0.12121212121212122,0.11,339.86
2024-03-12,Instagram,B,7512,193,7,38.26,293.57,0.025692225772097975,0.03626943005181347,5.47,7.67
2024-02-25,Email,B,2374,217,29,2.23,1592.48,0.09140690817186184,0.1336405529953917,0.08,714.12
2024-02-10,Facebook,A,8200,112,5,53.06,226.06,0.013658536585365854,0.044642857142857144,10.61,4.26
2024-01-10,TikTok,A,9621,131,3,37.45,167.91,0.013616048227834944,0.022900763358778626,12.48,4.48
2024-02-03,Facebook,A,8064,197,11,54.81,677.7,0.024429563492063492,0.05583756345177665,4.98,12.36
2024-03-01,Facebook,B,7366,197,10,46.52,563.62,0.0267445017648656,0.050761421319796954,4.65,12.12
2024-02-12,TikTok,A,8582,169,5,36.94,365.45,0.019692379398741553,0.029585798816568046,7.39,9.89
2024-01-10,Google Search,B,4798,162,9,53.35,582.19,0.033764068361817424,0.05555555555555555,5.93,10.91
2024-02-11,Google Search,A,4600,225,20,53.49,962.47,0.04891304347826087,0.08888888888888889,2.67,17.99
2024-02-26,Facebook,A,7320,176,8,48.38,410.54,0.024043715846994537,0.045454545454545456,6.05,8.49
2024-01-03,Facebook,B,8836,216,9,56.02,431.09,0.02444545043005885,0.041666666666666664,6.22,7.7
2024-02-18,Email,A,2969,252,28,3.045,1576.83,0.08487706298416975,0.1111111111111111,0.11,517.84
2024-01-04,Google Search,B,4863,188,20,59.22,892.96,0.038659263828912195,0.10638297872340426,2.96,15.08
2024-01-06,TikTok,B,6956,211,10,28.2,419.95,0.030333525014376077,0.04739336492890995,2.82,14.89
2024-02-21,Google Search,B,4390,147,15,58.04,774.19,0.03348519362186788,0.10204081632653061,3.87,13.34
2024-03-02,TikTok,B,9318,282,12,34.79,592.69,0.030264005151320026,0.0425531914893617,2.9,17.04
2024-03-23,Google Search,A,5385,226,16,59.43,705.92,0.04196843082636954,0.07079646017699115,3.71,11.88
2024-01-15,Email,B,2665,214,20,2.58,1055.91,0.0803001876172608,0.09345794392523364,0.13,409.27
2024-02-29,Email,A,2935,295,29,3.19,1573.65,0.10051107325383304,0.09830508474576272,0.11,493.31
2024-03-14,Email,A,2931,225,24,2.95,1285.08,0.0767656090071648,0.10666666666666667,0.12,435.62
2024-02-20,Google Search,A,4954,209,24,60.48,1325.78,0.0421881308033912,0.11483253588516747,2.52,21.92
2024-01-29,Facebook,A,8702,142,7,53.48,434.96,0.016318087795908987,0.04929577464788732,7.64,8.13
2024-03-19,TikTok,A,11578,237,5,44.43,236.19,0.020469856624632923,0.02109704641350211,8.89,5.32
2024-03-16,Instagram,A,9620,156,5,54.85,278.38,0.016216216216216217,0.03205128205128205,10.97,5.08
2024-02-16,Facebook,A,8606,162,8,51.8,400.75,0.018824076225888914,0.04938271604938271,6.47,7.74
2024-02-26,TikTok,A,9877,243,5,36.19,229.62,0.024602612129189023,0.0205761316872428,7.24,6.34
2024-03-08,Google Search,B,5025,216,20,58.62,1046.06,0.04298507462686567,0.09259259259259259,2.93,17.84
2024-02-03,Instagram,A,9442,124,4,52.67,255.27,0.013132810845159923,0.03225806451612903,13.17,4.85
2024-02-17,Email,A,2821,301,30,3.02,1715.09,0.10669975186104218,0.09966777408637874,0.1,567.91
2024-03-03,Facebook,B,5637,127,5,35.13,259.84,0.02252971438708533,0.03937007874015748,7.03,7.4
2024-03-04,TikTok,B,10313,231,6,42.98,344.28,0.02239891399204887,0.025974025974025976,7.16,8.01
2024-02-01,TikTok,A,7248,143,3,29.96,229.74,0.019729580573951435,0.02097902097902098,9.99,7.67
2024-03-13,Facebook,B,7790,228,11,51.76,515.94,0.02926829268292683,0.04824561403508772,4.71,9.97
2024-02-20,Instagram,A,9530,127,4,53.38,182.37,0.013326337880377754,0.031496062992125984,13.35,3.42
2024-03-27,Instagram,A,10486,153,5,61,271.6,0.014590883082204844,0.032679738562091505,12.2,4.45
2024-03-09,Facebook,A,7915,162,8,53.53,474.87,0.020467466835123183,0.04938271604938271,6.69,8.87
2024-02-16,Email,A,2746,235,25,3,1516.44,0.08557902403495994,0.10638297872340426,0.12,505.48
2024-01-07,Facebook,A,7996,142,6,53.91,328.97,0.01775887943971986,0.04225352112676056,8.98,6.1
2024-01-19,Facebook,A,8754,163,9,57.89,385.36,0.018620059401416495,0.05521472392638037,6.43,6.66
2024-03-11,Instagram,B,8205,207,10,45.37,618.42,0.02522851919561243,0.04830917874396135,4.54,13.63
2024-03-14,Instagram,B,10153,210,8,55.74,457.61,0.020683541810302374,0.0380952380952381,6.97,8.21
2024-01-13,Facebook,B,8338,207,12,50.79,604.95,0.02482609738546414,0.057971014492753624,4.23,11.91
2024-01-18,Instagram,A,9379,140,4,48.23,186.93,0.014926964495148737,0.02857142857142857,12.06,3.88
2024-01-03,Email,A,2873,212,23,2.86,1176.5,0.07379046293073442,0.10849056603773585,0.12,411.36
2024-03-27,Google Search,A,4927,192,24,58.2,1524.73,0.03896894662066166,0.125,2.43,26.2
2024-03-08,Instagram,B,8621,190,7,43.63,431.47,0.022039206588562812,0.03684210526315789,6.23,9.89
2024-01-30,Google Search,B,4853,141,11,51.56,693.22,0.029054193282505667,0.07801418439716312,4.69,13.44
2024-01-12,Email,A,3448,298,46,3.63,2370.42,0.08642691415313225,0.15436241610738255,0.08,653.01
2024-01-16,Google Search,B,5087,207,15,57.38,817.81,0.04069195989777865,0.07246376811594203,3.83,14.25
2024-01-18,Facebook,A,7174,133,6,44.53,320.8,0.018539169222191246,0.045112781954887216,7.42,7.2
2024-01-13,Google Search,A,5494,323,26,65.17,1028.95,0.058791408809610486,0.0804953560371517,2.51,15.79
2024-01-11,Google Search,B,5068,202,18,64.58,1221.44,0.039857932123125495,0.0891089108910891,3.59,18.91
2024-02-03,TikTok,B,8503,247,12,36,566.18,0.02904857109255557,0.048582995951417005,3,15.73
2024-02-23,Google Search,A,4883,134,14,56.92,835.31,0.02744214622158509,0.1044776119402985,4.07,14.68
2024-03-13,TikTok,A,10407,158,4,42.67,185.26,0.015182088978572116,0.02531645569620253,10.67,4.34
2024-03-30,TikTok,B,11940,390,18,48.69,903.75,0.032663316582914576,0.046153846153846156,2.7,18.56
2024-02-07,TikTok,B,8389,256,11,36.77,705.56,0.03051615210394564,0.04296875,3.34,19.19
2024-02-27,Email,A,3012,189,19,3.34,956.61,0.06274900398406374,0.10052910052910052,0.18,286.41
2024-02-27,Facebook,A,6631,125,6,44.87,277.48,0.018850852058513046,0.048,7.48,6.18
2024-01-04,Facebook,A,7967,140,6,52.18,339.84,0.017572486506840717,0.04285714285714286,8.7,6.51
2024-03-22,Instagram,A,7175,96,2,39.1,85.59,0.01337979094076655,0.020833333333333332,19.55,2.19
2024-01-03,Facebook,A,8961,161,6,59.9,325.87,0.01796674478294833,0.037267080745341616,9.98,5.44
2024-02-08,TikTok,B,8963,329,14,34.59,626,0.03670645989066161,0.0425531914893617,2.47,18.1
2024-02-18,Google Search,B,4734,189,19,52.67,1097.79,0.039923954372623575,0.10052910052910052,2.77,20.84
2024-01-26,Instagram,A,7950,101,2,41.94,108.2,0.01270440251572327,0.019801980198019802,20.97,2.58
2024-03-11,TikTok,B,10707,286,13,41.85,504.66,0.02671149715139628,0.045454545454545456,3.22,12.06
2024-03-06,Google Search,B,4857,163,14,58.01,607.3,0.0335598105826642,0.08588957055214724,4.14,10.47
2024-03-04,TikTok,A,11376,217,6,36.615,285.22,0.019075246132208158,0.027649769585253458,6.1,7.79
2024-01-09,Instagram,A,8479,112,4,46.54,250.42,0.013209104847269726,0.03571428571428571,11.63,5.38
2024-03-24,Google Search,A,5388,199,18,63.07,791.06,0.03693392724573125,0.09045226130653267,3.5,12.54
2024-02-24,Instagram,A,8253,116,4,45.14,263.06,0.014055494971525506,0.034482758620689655,11.29,5.83
2024-02-25,Google Search,A,5768,250,20,69.95,856.89,0.04334257975034674,0.08,3.5,12.25
2024-03-06,Facebook,B,7725,198,12,50.79,898.17,0.025631067961165047,0.06060606060606061,4.23,17.68
2024-10-02,Email,B,2780,289,39,2.95,1969.4,0.1039568345323741,0.13494809688581316,0.08,667.59
2024-02-20,Google Search,B,5200,173,18,53.57,971.4,0.033269230769230766,0.10404624277456648,2.98,18.13
2024-03-19,Email,A,2632,227,33,2.49,1471.56,0.08624620060790274,0.14537444933920704,0.08,590.99
2024-02-19,Facebook,B,7921,186,11,48.88,650.73,0.023481883600555486,0.05913978494623656,4.44,13.31
2024-02-11,Email,A,3222,317,32,2.85,1731.04,0.0983860955927995,0.10094637223974763,0.09,607.38
2024-01-31,TikTok,B,6629,157,7,26.33,238.64,0.023683813546537938,0.044585987261146494,3.76,9.06
2024-01-03,Instagram,A,8400,95,3,49.53,155.07,0.01130952380952381,0.031578947368421054,16.51,3.13
2024-03-08,TikTok,A,11365,205,4,49.46,206.52,0.01803783545974483,0.01951219512195122,12.37,4.18
2024-02-09,Facebook,B,7666,195,11,53.35,593.36,0.025436994521262718,0.05641025641025641,4.85,11.12
2024-02-25,Email,A,3090,218,16,3.17,768.51,0.07055016181229773,0.07339449541284404,0.2,242.43
2024-03-24,Instagram,A,8104,168,3,46.5,163.13,0.02073050345508391,0.017857142857142856,15.5,3.51
2024-02-25,Google Search,B,5342,213,19,60.87,935.55,0.03987270685136653,0.0892018779342723,3.2,15.37
2024-03-02,Facebook,B,8166,206,10,51.45,443.64,0.025226549106049472,0.04854368932038835,5.15,8.62
2024-01-28,Email,A,2694,211,25,2.56,1182.98,0.07832219747587231,0.11848341232227488,0.1,462.1
2024-02-09,Facebook,A,8305,161,8,49.14,403.08,0.01938591210114389,0.049689440993788817,6.14,8.2
2024-03-09,TikTok,A,10785,248,6,44.89,335.2,0.0229949003245248,0.024193548387096774,7.48,7.47
2024-02-28,Email,A,3031,171,18,2.83,1035.51,0.056417024084460574,0.10526315789473684,0.16,365.9
2024-03-05,TikTok,B,11844,392,16,46.08,926.69,0.03309692671394799,0.04081632653061224,2.88,20.11
2024-03-23,Email,B,3208,273,33,3.07,1820.47,0.0850997506234414,0.12087912087912088,0.09,592.99
2024-02-06,Google Search,B,4663,231,17,57.85,1062.71,0.049538923439845596,0.0735930735930736,3.4,18.37
2024-02-09,Instagram,A,9723,143,5,54.73,259.26,0.01470739483698447,0.03496503496503497,10.95,4.74
2024-01-14,Email,A,2818,262,26,3.045,1263.41,0.09297374024130589,0.09923664122137404,0.12,414.91
2024-03-13,Google Search,B,4662,163,16,51.75,926.02,0.034963534963534965,0.09815950920245399,3.23,17.89
2024-02-29,TikTok,B,8393,299,14,30.65,677.51,0.03562492553318242,0.046822742474916385,2.19,22.1
2024-02-14,Instagram,B,7663,162,8,39.82,469.49,0.021140545478272217,0.04938271604938271,4.98,11.79
2024-03-21,Email,A,3085,179,23,2.93,1030.7,0.0580226904376013,0.12849162011173185,0.13,351.77
2024-01-12,Instagram,A,9675,111,3,54.29,159.04,0.011472868217054264,0.02702702702702703,18.1,2.93
2024-03-27,Email,A,3240,292,37,3.26,1921.49,0.09012345679012346,0.1267123287671233,0.09,589.41
2024-03-28,Email,A,3303,293,29,3.11,1827.96,0.08870723584620042,0.09897610921501707,0.11,587.77
2024-03-02,Email,A,3622,272,33,3.85,1809.81,0.07509663169519602,0.1213235294117647,0.12,470.08
2024-01-08,Instagram,B,10069,204,7,54.78,446.4,0.02026020458834045,0.03431372549019608,7.83,8.15
2024-03-25,Google Search,A,5269,219,21,62.53,966.95,0.04156386411083697,0.0958904109589041,2.98,15.46
2024-02-02,Instagram,A,9480,153,5,54.28,336.71,0.016139240506329113,0.032679738562091505,10.86,6.2
2024-01-17,Instagram,B,8722,157,7,45.27,316.25,0.018000458610410455,0.044585987261146494,6.47,6.99
2024-03-10,Facebook,A,7344,161,7,48.28,382.8,0.021922657952069716,0.043478260869565216,6.9,7.93
2024-01-28,Instagram,A,9428,127,4,54.43,233.09,0.01347051336444633,0.031496062992125984,13.61,4.28
2024-01-31,Email,B,2645,180,19,2.66,1195.27,0.06805293005671077,0.10555555555555556,0.14,449.35
2024-02-04,Instagram,B,9870,233,8,53.27,377.53,0.023606889564336372,0.034334763948497854,6.66,7.09
2024-01-18,TikTok,B,7396,268,9,31.66,691.36,0.03623580313683072,0.033582089552238806,3.52,21.84
2024-02-07,Instagram,B,10265,152,7,61.55,335.81,0.01480759863614223,0.046052631578947366,8.79,5.46
2024-02-05,TikTok,A,9576,177,5,35.98,275.01,0.018483709273182956,0.02824858757062147,7.2,7.64
2024-03-09,Email,B,2626,240,22,2.95,1051.92,0.0913937547600914,0.09166666666666666,0.13,356.58
2024-03-09,TikTok,B,9249,263,7,38.7,421.39,0.028435506541247702,0.026615969581749048,5.53,10.89
2024-03-01,TikTok,A,10626,262,6,47.5,259.28,0.024656502917372484,0.022900763358778626,7.92,5.46
2024-12-01,Instagram,B,9271,136,6,47.27,337.7,0.014669399201812103,0.04411764705882353,7.88,7.14
2024-02-14,Facebook,B,7943,143,5,49.23,286.71,0.01800327332242226,0.03496503496503497,9.85,5.82
2024-02-27,Facebook,B,9104,223,15,50.79,876.62,0.024494727592267136,0.06726457399103139,3.39,17.26
2024-02-19,Email,B,2559,217,24,2.39,1453.95,0.08479874951152794,0.11059907834101383,0.1,608.35
2024-03-01,Google Search,B,4426,169,13,55.62,785.51,0.03818346136466335,0.07692307692307693,4.28,14.12
2024-01-24,Facebook,A,7827,155,7,52.58,409.72,0.01980324517695158,0.04516129032258064,7.51,7.79
2024-03-26,Email,A,2713,185,23,2.73,897.44,0.0681901953556948,0.12432432432432433,0.12,328.73
2024-01-19,Instagram,A,10961,192,6,60.83,270.59,0.01751664994069884,0.03125,10.14,4.45
2024-02-14,Google Search,A,4999,200,22,53.99,1203.66,0.040008001600320066,0.11,2.45,22.29
2024-02-24,Email,A,3236,285,32,3.12,2010.1,0.0880716934487021,0.11228070175438597,0.1,644.26
2024-03-03,Instagram,B,8639,180,5,46.23,270.7,0.020835744877879384,0.027777777777777776,9.25,5.86
2024-01-10,Instagram,A,9094,116,4,51.92,200.32,0.012755663074554651,0.034482758620689655,12.98,3.86
2024-01-31,TikTok,A,9259,213,3,38.28,139.33,0.02300464413003564,0.014084507042253521,12.76,3.64
2024-01-14,Instagram,A,10173,188,6,59.31,263.93,0.0184802909662833,0.031914893617021274,9.88,4.45
2024-03-11,TikTok,A,9865,204,5,38.93,247.2,0.020679168778509883,0.024509803921568627,7.79,6.35
2024-03-22,Email,A,2581,216,27,2.64,1346.08,0.08368849283223556,0.125,0.1,509.88
2024-03-10,Email,B,3156,310,36,3.26,2083.41,0.0982256020278834,0.11612903225806452,0.09,639.08
2024-02-23,Email,A,2702,177,24,2.75,1762.78,0.06550703182827536,0.13559322033898305,0.11,641.01
2024-01-05,Instagram,B,7964,168,6,42.95,428.4,0.02109492717227524,0.03571428571428571,7.16,9.97
2024-03-24,TikTok,B,10581,448,20,41.35,1310.25,0.04234004347415178,0.044642857142857144,2.07,31.69
2024-02-29,TikTok,A,10340,190,5,45.21,269.47,0.0183752417794971,0.02631578947368421,9.04,5.96
2024-01-24,Facebook,B,8850,181,9,53.08,548.74,0.020451977401129945,0.049723756906077346,5.9,10.34
2024-01-31,Instagram,B,9306,204,7,53.34,376,0.02192134107027724,0.03431372549019608,7.62,7.05
2024-01-11,Google Search,A,4999,184,18,58.94,1066.63,0.03680736147229446,0.09782608695652174,3.27,18.1
2024-01-10,TikTok,B,6830,183,8,28.09,439.28,0.026793557833089312,0.04371584699453552,3.51,15.64
2024-02-22,Instagram,A,9497,140,4,53.22,268.36,0.01474149731494156,0.02857142857142857,13.3,5.04
2024-03-29,Facebook,A,8761,181,7,49.79,391.02,0.02065974203858007,0.03867403314917127,7.11,7.85
2024-03-10,Email,A,2745,247,34,2.78,1501.22,0.08998178506375228,0.13765182186234817,0.08,540.01
2024-03-12,Facebook,B,9037,231,15,58.67,533.64,0.025561580170410533,0.06493506493506493,3.91,9.1
2024-01-27,Google Search,A,5545,269,18,62.79,768.19,0.04851217312894499,0.06691449814126393,3.49,12.23
2024-01-12,TikTok,B,6326,181,8,25.3,505.73,0.02861207714195384,0.04419889502762431,3.16,19.99
2024-02-25,Instagram,A,8545,114,3,45.74,120.88,0.01334113516676419,0.02631578947368421,15.25,2.64
2024-01-06,Google Search,B,5095,150,14,63.08,1017.75,0.029440628066732092,0.09333333333333334,4.51,16.13
2024-01-25,Facebook,B,8029,219,12,52.21,530.8,0.0272761240503176,0.0547945205479452,4.35,10.17
2024-03-27,Facebook,B,6352,149,10,44.94,507.77,0.023457178841309823,0.06711409395973154,4.49,11.3
2024-03-02,Facebook,A,7934,145,7,52.16,351.61,0.018275775144945803,0.04827586206896552,7.45,6.74
2024-03-18,Facebook,B,7251,183,10,46.59,591.49,0.025237898220935043,0.0546448087431694,4.66,12.7
2024-01-11,TikTok,A,6555,161,4,28.01,222.61,0.02456140350877193,0.024844720496894408,7,7.95
2024-02-18,TikTok,A,8804,169,5,36.44,238.17,0.019195820081781008,0.029585798816568046,7.29,6.54
2024-03-17,Facebook,A,7994,161,4,53,231.09,0.020140105078809107,0.024844720496894408,13.25,4.36
2024-01-11,TikTok,B,8091,241,7,30.59,462.06,0.02978618217772834,0.029045643153526972,4.37,15.1
2024-03-12,TikTok,B,10632,255,8,44.02,399.85,0.023984198645598195,0.03137254901960784,5.5,9.08
2024-01-08,TikTok,B,6172,195,10,25.54,624.48,0.031594296824368116,0.05128205128205128,2.55,24.45
2024-03-20,Instagram,A,9305,138,4,48.495,209.29,0.014830736163353037,0.028985507246376812,12.12,4.32
2024-01-28,Instagram,B,9516,173,6,50.5,306.19,0.01817990752416982,0.03468208092485549,8.42,6.06
2024-03-03,Email,B,3065,273,29,3.23,1687.8,0.08907014681892333,0.10622710622710622,0.11,522.54
2024-02-05,TikTok,B,8142,266,10,33.54,482.5,0.032670105625153524,0.03759398496240601,3.35,14.39
2024-02-22,Facebook,B,8458,220,14,49.61,796.39,0.026010877275951763,0.06363636363636363,3.54,16.05
2024-01-01,TikTok,B,6956,250,9,27.87,542.21,0.0359401955146636,0.036,3.1,19.45
2024-02-11,Instagram,A,11102,97,3,54.26,166.52,0.008737164474869392,0.030927835051546393,18.09,3.07
2024-03-22,Facebook,B,9345,169,7,60.17,460.79,0.01808453718566078,0.04142011834319527,8.6,7.66
2024-01-21,Google Search,B,5188,189,21,59.49,713.86,0.03643022359290671,0.1111111111111111,2.83,12
2024-03-25,Google Search,B,4108,168,14,46.85,686.52,0.04089581304771178,0.08333333333333333,3.35,14.65
2024-01-04,Google Search,A,5584,256,17,68.24,969.36,0.045845272206303724,0.06640625,4.01,14.21
2024-02-17,Facebook,B,7908,188,9,53.41,438,0.023773394031360646,0.047872340425531915,5.93,8.2
2024-01-27,TikTok,B,6862,189,9,26.62,464.29,0.027542990381812883,0.047619047619047616,2.96,17.44
2024-01-23,Instagram,B,9374,163,6,49.51,241.59,0.017388521442287176,0.03680981595092025,8.25,4.88
2024-02-05,Instagram,A,8200,162,5,43.21,305.81,0.01975609756097561,0.030864197530864196,8.64,7.08
2024-03-24,Email,A,2674,250,25,2.62,1357.56,0.09349289454001496,0.1,0.1,518.15
2024-01-06,Email,B,3014,249,22,2.89,1361.81,0.08261446582614466,0.08835341365461848,0.13,471.21
2024-01-24,Google Search,A,5310,231,21,62.84,1287.66,0.04350282485875706,0.09090909090909091,2.99,20.49
2024-02-23,Facebook,A,7637,140,7,49.52,398.93,0.01833180568285976,0.05,7.07,8.06
2024-01-20,Facebook,B,9436,232,9,60.13,451.56,0.024586689275116574,0.03879310344827586,6.68,7.51
2024-02-16,Instagram,A,8022,110,3,44.14,107,0.013712291199202194,0.02727272727272727,14.71,2.42
2024-01-25,Google Search,A,5162,234,20,63.57,1099.1,0.045331266950794265,0.08547008547008547,3.18,17.29
2024-02-10,TikTok,A,8174,173,5,34.81,261.72,0.02116466846097382,0.028901734104046242,6.96,7.52
2024-03-12,Email,A,2828,223,28,2.93,1178.66,0.07885431400282886,0.12556053811659193,0.1,402.27
2024-02-29,Google Search,A,4846,173,17,58.52,862.61,0.03569954601733388,0.09826589595375723,3.44,14.74
2024-03-16,TikTok,A,11424,215,4,45.59,257.67,0.01882002801120448,0.018604651162790697,11.4,5.65
2024-03-20,Instagram,B,8482,173,7,44.93,334.19,0.02039613298750295,0.04046242774566474,6.42,7.44
2024-01-25,Instagram,A,9789,146,3,53.53,151.87,0.014914700173664317,0.02054794520547945,17.84,2.84
2024-03-14,Email,B,3408,321,25,3.37,1548.47,0.09419014084507042,0.0778816199376947,0.13,459.49
2024-02-26,Email,A,3171,217,22,3.21,1283.99,0.0684326710816777,0.10138248847926268,0.15,400
2024-02-20,Email,B,3240,265,25,3.36,1110.12,0.08179012345679013,0.09433962264150944,0.13,330.39
2024-01-14,Email,B,2912,255,31,2.91,1161.19,0.08756868131868131,0.12156862745098039,0.09,399.03
2024-03-20,TikTok,B,11865,401,20,47.46,1034.71,0.033796881584492205,0.04987531172069826,2.37,21.8
2024-03-10,Google Search,A,5317,194,19,60.61,1125.44,0.03648674064321986,0.0979381443298969,3.19,18.57
2024-02-04,TikTok,B,8471,258,9,33.33,434.07,0.030456852791878174,0.03488372093023256,3.7,13.02
2024-02-27,Google Search,B,6038,213,14,73.26,821.41,0.03527658164955283,0.06572769953051644,5.23,11.21
2024-01-06,Instagram,A,10168,151,4,56.05,216.04,0.01485051140833989,0.026490066225165563,14.01,3.85
2024-01-30,Google Search,A,5705,245,20,66.97,1240.96,0.04294478527607362,0.08163265306122448,3.35,18.53
2024-02-20,Email,A,3126,237,37,3.2,2662.61,0.07581573896353166,0.15611814345991562,0.09,832.07
2024-01-08,Facebook,A,8579,135,8,62.52,460.49,0.015736099778528967,0.05925925925925926,7.82,7.37
2024-03-06,TikTok,B,13218,460,21,52.28,1427.8,0.03480102889998487,0.04565217391304348,2.49,27.31
2024-02-17,TikTok,B,9084,274,9,36.92,537.75,0.0301629238221048,0.032846715328467155,4.1,14.57
2024-01-25,Facebook,A,7403,111,5,44.49,303.64,0.014993921383223018,0.04504504504504504,8.9,6.82
2024-02-06,Instagram,B,8866,226,8,44.31,448.89,0.0254906383938642,0.035398230088495575,5.54,10.13
2024-01-29,Instagram,B,9987,244,9,56.27,308.21,0.02443176128967658,0.036885245901639344,6.25,5.48
2024-02-13,Instagram,A,9803,149,5,53.16,306.59,0.015199428746302153,0.03355704697986577,10.63,5.77
2024-03-14,Facebook,B,9131,266,11,57.74,632.61,0.029131529952907676,0.041353383458646614,5.25,10.96
2024-02-25,TikTok,A,10925,242,5,41.5,299.37,0.022151029748283754,0.02066115702479339,8.3,7.21
2024-03-15,Google Search,B,5016,158,12,59.94,734.98,0.03149920255183413,0.0759493670886076,5,12.26
2024-02-10,Google Search,A,4138,186,14,47.72,724.13,0.04494925084581924,0.07526881720430108,3.41,15.17
2024-03-24,Facebook,B,8644,186,9,50.92,571.07,0.021517815826006478,0.04838709677419355,5.66,11.22
2024-01-20,TikTok,A,8912,156,4,37.28,176.26,0.017504488330341114,0.02564102564102564,9.32,4.73
2024-03-06,Facebook,A,7445,144,7,51.32,396.78,0.019341840161182,0.04861111111111111,7.33,7.73
2024-01-28,Email,B,2981,234,27,2.88,1653.08,0.07849714860784972,0.11538461538461539,0.11,573.99
2024-03-09,Google Search,A,4546,148,11,54.21,551.93,0.03255609326880774,0.07432432432432433,4.93,10.18
2024-02-01,Email,A,3152,250,29,2.98,1371.9,0.07931472081218274,0.116,0.1,460.37
2024-03-26,Instagram,A,8740,119,4,49.12,229.66,0.013615560640732265,0.03361344537815126,12.28,4.68
2024-01-28,Facebook,B,7883,233,12,51.15,646.07,0.02955727514905493,0.05150214592274678,4.26,12.63
2024-12-01,Facebook,A,6751,132,5,44,274.49,0.019552658865353283,0.03787878787878788,8.8,6.24
2024-01-07,TikTok,B,7256,252,10,28.26,658.27,0.034729878721058434,0.03968253968253968,2.83,23.29
2024-03-04,Email,A,2881,217,23,2.77,1245.94,0.07532106907323846,0.10599078341013825,0.12,449.8
2024-02-26,Facebook,B,8092,259,16,52.33,725.49,0.03200692041522491,0.06177606177606178,3.27,13.86
2024-03-10,Google Search,B,5049,181,12,58.89,642.19,0.03584868290750644,0.06629834254143646,4.91,10.9
2024-02-04,Instagram,A,9076,150,4,47.74,224.77,0.016527104451300133,0.02666666666666667,11.94,4.71
2024-01-23,Email,B,2743,208,25,2.8,1193.63,0.07582938388625593,0.1201923076923077,0.11,426.3
2024-03-15,Facebook,B,7292,150,7,46.82,494.96,0.02057048820625343,0.04666666666666667,6.69,10.57
2024-03-18,Google Search,A,5239,211,13,61.32,753.23,0.04027486161481199,0.061611374407582936,4.72,12.28
2024-01-09,Facebook,B,7305,167,7,46.23,403.73,0.022861054072553046,0.041916167664670656,6.6,8.73
2024-03-25,Email,A,2896,265,34,2.73,1791.54,0.09150552486187845,0.12830188679245283,0.08,656.24
2024-01-19,Facebook,B,7801,192,9,53.02,414.86,0.024612229201384436,0.046875,5.89,7.82
2024-01-17,Instagram,A,7771,78,2,38.44,110.8,0.010037318234461459,0.02564102564102564,19.22,2.88
2024-03-15,TikTok,B,10870,269,12,46.05,658.36,0.024747010119595216,0.04460966542750929,3.84,14.3
2024-01-05,Facebook,B,8267,259,13,56.28,818.8,0.03132938187976291,0.05019305019305019,4.33,14.55
2024-01-07,Instagram,B,8948,176,6,49.03,343.22,0.019669199821189094,0.03409090909090909,8.17,7
2024-02-26,Instagram,A,6754,104,3,34.66,164.52,0.015398282499259699,0.028846153846153848,11.55,4.75
2024-02-08,TikTok,A,8247,168,4,33.08,265.42,0.02037104401600582,0.023809523809523808,8.27,8.02
2024-02-24,Google Search,A,4930,135,12,60.47,667.02,0.02738336713995943,0.08888888888888889,5.04,11.03
2024-01-31,Google Search,B,5416,240,20,69.35,942.21,0.04431314623338257,0.08333333333333333,3.47,13.59
2024-01-20,Email,A,3251,327,43,3.28,2025.62,0.10058443555828976,0.13149847094801223,0.08,617.57
2024-01-03,TikTok,B,7177,220,9,28.63,418.94,0.030653476382889788,0.04090909090909091,3.18,14.63
2024-01-27,Instagram,A,8878,133,4,46.49,247.51,0.014980851543140347,0.03007518796992481,11.62,5.32
2024-03-23,Facebook,A,7066,112,5,48.18,219.31,0.015850551938862156,0.044642857142857144,9.64,4.55
2024-02-03,Facebook,B,6752,200,7,41.17,403.14,0.02962085308056872,0.035,5.88,9.79
2024-01-27,TikTok,A,8274,196,4,36.615,246.11,0.023688663282571912,0.02040816326530612,9.15,6.72
2024-02-06,Email,B,3347,230,30,3.31,1570.17,0.06871825515386913,0.13043478260869565,0.11,474.37
2024-06-01,Instagram,B,8070,197,9,45.16,460.63,0.024411400247831474,0.04568527918781726,5.02,10.2
2024-01-16,Google Search,A,4830,209,18,54.39,1124.07,0.0432712215320911,0.0861244019138756,3.02,20.67
2024-01-02,Email,A,3204,269,36,3.17,1654.06,0.08395755305867665,0.13382899628252787,0.09,521.79
2024-03-13,Google Search,A,4737,182,13,56.51,633.61,0.038420941524171415,0.07142857142857142,4.35,11.21
2024-01-24,Email,A,3572,203,26,3.48,1247.7,0.05683090705487122,0.12807881773399016,0.13,358.53
2024-03-19,Instagram,B,8239,176,6,47.43,311.91,0.021361815754339118,0.03409090909090909,7.9,6.58
2024-01-24,TikTok,A,6896,126,3,27.14,173.11,0.018271461716937356,0.023809523809523808,9.05,6.38
2024-02-27,Instagram,A,8816,110,3,47.8,150.69,0.01247731397459165,0.02727272727272727,15.93,3.15
2024-02-27,Instagram,B,8504,255,9,48.43,491.75,0.029985888993414863,0.03529411764705882,5.38,10.15
2024-02-28,Google Search,B,4523,125,6,52.82,274.61,0.027636524430687596,0.048,8.8,5.2
2024-03-22,TikTok,A,11365,243,5,47.09,324.18,0.021381434227892654,0.0205761316872428,9.42,6.88
2024-03-30,Instagram,A,11690,186,6,59.15,322.48,0.01591103507271172,0.03225806451612903,9.86,5.45
2024-02-25,TikTok,B,8544,258,12,34.53,647.23,0.030196629213483147,0.046511627906976744,2.88,18.74
2024-02-29,Google Search,B,5611,160,16,63.52,1134.18,0.02851541614685439,0.1,3.97,17.86
2024-02-15,Google Search,B,4487,156,14,50.54,737.82,0.03476710496991308,0.08974358974358974,3.61,14.6
2024-01-11,Facebook,A,8823,185,10,52.18,531.73,0.020967924742151197,0.05405405405405406,5.22,10.19
2024-01-31,Facebook,A,7519,140,6,47.62,270.03,0.018619497273573614,0.04285714285714286,7.94,5.67
2024-01-05,Facebook,A,6399,94,4,41.03,196.67,0.01468979528051258,0.0425531914893617,10.26,4.79
2024-03-20,Facebook,A,7451,115,6,45.06,319.82,0.015434169910079183,0.05217391304347826,7.51,7.1
2024-02-25,Instagram,B,8888,142,7,50.09,428.93,0.015976597659765977,0.04929577464788732,7.16,8.56
2024-01-12,Google Search,B,5439,221,13,61.14,701.87,0.04063246920389778,0.058823529411764705,4.7,11.48
2024-02-27,TikTok,B,9362,197,6,38.86,319.3,0.021042512283700063,0.030456852791878174,6.48,8.22
2024-02-13,Instagram,B,9783,200,7,46.2,389.81,0.02044362669937647,0.035,6.6,8.44
2024-10-01,Facebook,B,7799,246,10,45.81,540.79,0.03154250544941659,0.04065040650406504,4.58,11.81
2024-02-01,Instagram,A,7482,119,3,39.53,181.37,0.01590483827853515,0.025210084033613446,13.18,4.59
2024-02-21,Email,A,3716,187,23,3.66,1275.73,0.05032292787944026,0.12299465240641712,0.16,348.56
2024-01-06,TikTok,A,6498,77,2,23.25,111.56,0.011849799938442597,0.025974025974025976,11.62,4.8
2024-03-20,Google Search,B,5307,178,14,64.7,782.75,0.03354060674580742,0.07865168539325842,4.62,12.1
2024-03-28,Google Search,B,5424,174,17,64.92,972.58,0.032079646017699116,0.09770114942528736,3.82,14.98
2024-03-18,TikTok,B,11607,339,13,45.07,666.93,0.029206513310933057,0.038348082595870206,3.47,14.8
2024-01-08,Facebook,B,7334,147,8,45.1,420.68,0.020043632397054815,0.05442176870748299,5.64,9.33
2024-03-25,Instagram,B,9431,226,9,55.4,537.5,0.023963524546707665,0.03982300884955752,6.16,9.7
2024-01-09,TikTok,A,8462,153,4,31.85,211.09,0.018080831954620655,0.026143790849673203,7.96,6.63
2024-02-02,TikTok,B,10080,335,14,43.62,764.33,0.033234126984126984,0.041791044776119404,3.12,17.52
2024-01-24,Instagram,A,11370,179,5,59.62,283.02,0.015743183817062446,0.027932960893854747,11.92,4.75
2024-01-14,Facebook,A,8676,142,7,56.4,335.85,0.01636698939603504,0.04929577464788732,8.06,5.95
2024-01-28,Google Search,B,4754,163,14,59.49,769.81,0.0342869162810265,0.08588957055214724,4.25,12.94
2024-01-21,Instagram,A,8104,133,4,43.39,241.41,0.016411648568608096,0.03007518796992481,10.85,5.56
2024-01-11,Email,A,2691,160,16,2.68,977.68,0.059457450761798585,0.1,0.17,364.81
2024-01-23,Facebook,B,7197,191,12,46.55,762.08,0.02653883562595526,0.06282722513089005,3.88,16.37
2024-03-23,Instagram,A,9679,110,3,48.495,144.59,0.011364810414298997,0.02727272727272727,16.16,2.98
2024-02-03,Instagram,A,8580,161,5,48.495,291.48,0.018764568764568765,0.031055900621118012,9.7,6.01
2024-01-13,TikTok,A,7173,151,4,27.38,228.04,0.021051164087550537,0.026490066225165563,6.84,8.33
2024-03-25,TikTok,B,9912,289,13,39.63,789.15,0.029156577885391444,0.04498269896193772,3.05,19.91
2024-03-03,Facebook,A,9103,173,6,55.62,372.24,0.019004723717455783,0.03468208092485549,9.27,6.69
2024-01-02,TikTok,A,4938,112,2,20.67,111.28,0.022681247468610773,0.017857142857142856,10.34,5.38
2024-01-05,TikTok,A,6723,130,3,27.22,181.89,0.01933660568198721,0.023076923076923078,9.07,6.68
2024-03-29,TikTok,B,10916,217,9,43.49,572.93,0.019879076584829607,0.041474654377880185,4.83,13.17
2024-03-03,Google Search,A,5478,206,17,62.71,876.35,0.03760496531580869,0.0825242718446602,3.69,13.97
2024-01-07,Facebook,B,8608,183,10,54.76,603.64,0.021259293680297397,0.0546448087431694,5.48,11.02
2024-02-28,TikTok,B,9920,305,16,38.8,858.7,0.030745967741935484,0.05245901639344262,2.42,22.13
2024-03-25,Facebook,B,7987,139,8,49.43,511.11,0.017403280330537122,0.05755395683453238,6.18,10.34
2024-03-16,Email,A,2342,230,38,2.56,1796.6,0.0982066609735269,0.16521739130434782,0.07,701.8
2024-02-10,Email,A,2954,284,43,2.78,2031.13,0.0961408259986459,0.15140845070422534,0.06,730.62
2024-01-05,Email,A,2788,219,28,2.98,1767.78,0.07855093256814921,0.1278538812785388,0.11,593.21
2024-01-02,Instagram,A,9081,121,3,46.96,138.34,0.013324523730866645,0.024793388429752067,15.65,2.95
2024-01-02,Google Search,B,5321,264,19,63.47,1256.45,0.04961473407254276,0.07196969696969698,3.34,19.8
2024-02-12,Instagram,B,8482,160,6,46.4,378.75,0.01886347559537845,0.0375,7.73,8.16
2024-02-28,Instagram,A,9226,150,5,52.74,243.43,0.016258400173422935,0.03333333333333333,10.55,4.62
2024-01-02,TikTok,B,7247,241,8,30.18,481.81,0.03325514005795502,0.03319502074688797,3.77,15.96
2024-01-22,Instagram,B,9502,190,8,50.04,463.88,0.019995790359924225,0.042105263157894736,6.26,9.27
2024-02-05,Google Search,A,5006,233,14,66.61,653.48,0.046544147023571715,0.060085836909871244,4.76,9.81
2024-03-21,Instagram,B,8101,185,9,44.31,531.79,0.02283668682878657,0.04864864864864865,4.92,12
2024-03-29,Instagram,B,8582,176,5,48.62,330.7,0.020508040083896527,0.028409090909090908,9.72,6.8
2024-03-26,Facebook,A,8279,202,10,50.66,729.5,0.02439908201473608,0.04950495049504951,5.07,14.4
2024-01-23,Email,A,2968,266,29,3.09,1482.58,0.08962264150943396,0.10902255639097744,0.11,479.8
2024-07-02,Email,A,2625,245,27,2.38,1377.96,0.09333333333333334,0.11020408163265306,0.09,578.97
2024-02-08,Email,B,2986,194,23,2.92,1181.72,0.06496985934360348,0.11855670103092783,0.13,404.7
2024-01-04,Email,B,2760,251,30,2.84,1790.76,0.09094202898550724,0.11952191235059761,0.09,630.55
2024-01-10,Email,B,3214,304,32,2.96,1455.53,0.09458618543870566,0.10526315789473684,0.09,491.73
2024-02-14,TikTok,A,9524,145,4,38.4,167.72,0.015224695506089878,0.027586206896551724,9.6,4.37
2024-01-15,Instagram,A,8092,135,4,43.67,147.9,0.016683143845773605,0.02962962962962963,10.92,3.39
2024-01-13,Google Search,B,5418,227,20,68.83,1206.3,0.04189737910668143,0.0881057268722467,3.44,17.53
2024-02-21,Email,B,2999,184,20,2.79,1139.26,0.06135378459486496,0.10869565217391304,0.14,408.34
2024-01-21,TikTok,A,7260,147,3,27.13,145.51,0.02024793388429752,0.02040816326530612,9.04,5.36
2024-03-14,Instagram,A,9744,156,4,52.8,273.47,0.01600985221674877,0.02564102564102564,13.2,5.18
2024-01-17,Facebook,A,8551,128,4,55.55,243.16,0.014969009472576306,0.03125,13.89,4.38
2024-02-07,Instagram,A,10622,142,4,56.57,207.7,0.013368480512144605,0.028169014084507043,14.14,3.67
2024-02-24,Facebook,B,7652,165,9,48.45,462.57,0.02156299006795609,0.05454545454545454,5.38,9.55
2024-03-02,TikTok,A,10197,215,6,43.2,283.32,0.021084632735118174,0.027906976744186046,7.2,6.56
2024-02-23,TikTok,B,10981,237,8,45.61,361.13,0.02158273381294964,0.03375527426160337,5.7,7.92
2024-01-19,Google Search,B,4783,205,18,55.65,990.5,0.042860129625757894,0.08780487804878048,3.09,17.8
2024-01-23,Facebook,A,7480,120,4,48.27,174.82,0.016042780748663103,0.03333333333333333,12.07,3.62
2024-03-02,Google Search,A,4971,185,17,61.84,910.23,0.0372158519412593,0.0918918918918919,3.64,14.72
2024-01-10,Facebook,A,6957,141,6,44.71,321.44,0.02026735661923243,0.0425531914893617,7.45,7.19
2024-03-16,Google Search,A,4867,209,12,59.86,563.33,0.0429422642284775,0.05741626794258373,4.99,9.41
2024-02-03,Google Search,A,4914,258,22,54.54,1277.05,0.052503052503052504,0.08527131782945736,2.48,23.41
2024-01-11,Email,B,2710,218,22,2.61,1100.07,0.08044280442804429,0.10091743119266056,0.12,421.48
2024-03-19,Email,B,3105,247,22,3.31,1337.64,0.07954911433172303,0.08906882591093117,0.15,404.12
2024-03-19,Facebook,A,7640,159,8,45.43,386.94,0.020811518324607328,0.050314465408805034,5.68,8.52
2024-02-17,Instagram,A,10303,147,5,61.35,238.7,0.014267689022614773,0.034013605442176874,12.27,3.89
2024-03-24,Google Search,B,4546,147,15,55.45,1007.69,0.03233611966564012,0.10204081632653061,3.7,18.17
2024-01-03,TikTok,A,7227,115,2,28.23,121.15,0.015912550159125502,0.017391304347826087,14.12,4.29
2024-02-02,Email,A,3057,261,32,2.91,2195.38,0.08537782139352307,0.12260536398467432,0.09,754.43
2024-02-19,TikTok,B,8947,258,12,37.39,707.86,0.0288364815021795,0.046511627906976744,3.12,18.93
2024-01-29,TikTok,B,7078,225,9,26.33,548.85,0.03178864085899972,0.04,2.93,20.85
2024-01-27,Email,B,2933,277,35,2.88,1684.81,0.09444255028980567,0.1263537906137184,0.08,585
2024-02-24,Email,B,3073,263,26,3.03,1298.76,0.08558411975268468,0.09885931558935361,0.12,428.63
2024-01-15,Instagram,B,8428,164,8,48.07,481.67,0.01945894636924537,0.04878048780487805,6.01,10.02
2024-03-09,Instagram,A,9240,122,3,48.66,132.51,0.013203463203463203,0.02459016393442623,16.22,2.72
2024-02-02,Google Search,A,5419,235,16,64.2,793.19,0.04336593467429415,0.06808510638297872,4.01,12.35
2024-02-06,Facebook,B,7638,197,9,50.08,526,0.025792092170725322,0.04568527918781726,5.56,10.5
2024-01-19,Email,B,3033,265,28,3.18,1484.67,0.08737223870755029,0.10566037735849057,0.11,466.88
2024-03-03,Instagram,A,10216,165,5,57.26,280.62,0.01615113547376664,0.030303030303030304,11.45,4.9
2024-01-01,Facebook,B,7548,243,9,50.79,469,0.0321939586645469,0.037037037037037035,5.64,9.23
2024-03-11,Facebook,A,8232,130,6,54.57,402.24,0.015792031098153546,0.046153846153846156,9.1,7.37
2024-01-28,TikTok,A,7815,159,4,29.42,244.36,0.02034548944337812,0.025157232704402517,7.36,8.31
2024-01-29,Email,B,2920,258,28,3.07,1566.46,0.08835616438356164,0.10852713178294573,0.11,510.25
2024-02-22,Facebook,A,7807,131,7,53.5,383.83,0.016779812988343794,0.05343511450381679,7.64,7.17
2024-01-04,TikTok,A,6760,137,4,25.91,278.09,0.02026627218934911,0.029197080291970802,6.48,10.73
2024-02-28,Google Search,A,5169,165,15,61.31,596.58,0.03192106790481718,0.09090909090909091,4.09,9.73
2024-01-19,Google Search,A,5048,262,18,62.42,1168.7,0.051901743264659274,0.06870229007633588,3.47,18.72
2024-02-24,Instagram,B,9463,193,6,50.81,309.68,0.020395223502060657,0.031088082901554404,8.47,6.09
2024-01-31,Facebook,B,7891,232,17,49.82,982.28,0.029400582942592828,0.07327586206896551,2.93,19.72
2024-03-14,TikTok,B,11076,311,13,44.28,869.16,0.028078728782954136,0.04180064308681672,3.41,19.63
2024-03-16,TikTok,B,12126,420,16,48.83,904.65,0.034636318654131616,0.0380952380952381,3.05,18.53
2024-01-02,Facebook,B,7373,182,9,48.54,460.72,0.024684660246846603,0.04945054945054945,5.39,9.49
2024-02-23,TikTok,A,8365,168,5,35.01,291.06,0.0200836820083682,0.02976190476190476,7,8.31
2024-02-29,Facebook,B,7466,212,12,44.83,736.35,0.028395392445754085,0.05660377358490566,3.74,16.43
2024-02-18,Google Search,A,5028,220,22,59.47,1340.75,0.04375497215592681,0.1,2.7,22.54
2024-03-26,Google Search,A,4577,157,14,53.19,852.88,0.034301944505134366,0.08917197452229299,3.8,16.03
2024-03-07,Email,A,3472,268,37,3.51,2487.27,0.0771889400921659,0.13805970149253732,0.09,708.62
2024-01-10,Google Search,A,5086,236,23,56.64,1251.74,0.04640188753440818,0.09745762711864407,2.46,22.1
2024-02-19,Google Search,A,4986,163,16,64.63,721.83,0.032691536301644605,0.09815950920245399,4.04,11.17
2024-02-27,Email,B,3395,331,42,3.63,2458.8,0.09749631811487482,0.1268882175226586,0.09,677.36
2024-01-07,Email,A,3145,222,31,2.93,1992.02,0.07058823529411765,0.13963963963963963,0.09,679.87
2024-01-04,Instagram,A,8579,140,5,46.53,236.63,0.016318918288844853,0.03571428571428571,9.31,5.09
2024-03-11,Instagram,A,8890,136,3,48.33,162.26,0.015298087739032622,0.022058823529411766,16.11,3.36
2024-01-03,Instagram,B,8208,143,6,44.91,367.47,0.017422027290448342,0.04195804195804196,7.48,8.18
2024-03-08,Email,A,3674,302,29,3.22,1814.85,0.08219923788786064,0.09602649006622517,0.11,563.62
2024-03-27,TikTok,B,11196,331,13,39.44,594.78,0.029564130046445158,0.03927492447129909,3.03,15.08
2024-01-14,Facebook,B,7966,227,13,48.34,588.86,0.028496108460959076,0.05726872246696035,3.72,12.18
2024-03-15,Google Search,A,4736,235,26,56.36,1338.08,0.049619932432432436,0.11063829787234042,2.17,23.74
2024-02-13,Email,A,3146,204,35,3.25,1821.38,0.06484424666242848,0.1715686274509804,0.09,560.42
2024-03-06,Email,B,2842,210,22,2.81,1109.28,0.07389162561576355,0.10476190476190476,0.13,394.76
2024-03-13,Instagram,A,8859,158,5,48.84,354.94,0.01783497008691726,0.03164556962025317,9.77,7.27
2024-03-10,TikTok,A,12042,268,8,45.93,330.67,0.02225543929579804,0.029850746268656716,5.74,7.2
2024-03-22,TikTok,B,11572,409,15,44.71,769.61,0.03534393363290702,0.03667481662591687,2.98,17.21
2024-01-12,Email,B,2542,214,24,2.37,1615.18,0.08418568056648308,0.11214953271028037,0.1,681.51
2024-03-22,Google Search,B,4812,135,13,57.2,509.37,0.02805486284289277,0.0962962962962963,4.4,8.91
2024-01-10,Email,A,3486,334,37,3.53,2300.99,0.09581181870338497,0.11077844311377245,0.1,651.84
2024-01-21,Email,B,2121,135,16,2.12,787.35,0.06364922206506365,0.11851851851851852,0.13,371.39
2024-03-13,Email,B,3306,279,26,3.22,1314.14,0.08439201451905626,0.0931899641577061,0.12,408.12
2024-01-12,Google Search,A,4922,249,19,53.93,1135.97,0.0505891913856156,0.07630522088353414,2.84,21.06
2024-02-09,Google Search,B,4668,177,17,49.43,1007.76,0.037917737789203085,0.096045197740113,2.91,20.39
2024-03-18,Facebook,A,5773,104,3,37.13,128.81,0.018014896934003117,0.028846153846153848,12.38,3.47
2024-02-22,Google Search,B,5102,268,22,57.61,646.88,0.052528420227361816,0.08208955223880597,2.62,11.23
2024-01-01,Email,A,3453,264,30,3.32,1455.27,0.07645525629887055,0.11363636363636363,0.11,438.33
2024-02-22,Instagram,B,8488,181,8,43.52,418.01,0.021324222431668236,0.04419889502762431,5.44,9.61
2024-03-07,TikTok,B,8558,273,12,32.62,542.34,0.03189997663005375,0.04395604395604396,2.72,16.63
2024-02-05,Instagram,B,9196,169,8,47.83,442.02,0.018377555458895172,0.047337278106508875,5.98,9.24
2024-02-21,TikTok,A,10629,199,4,36.615,227.43,0.018722363345564024,0.020100502512562814,9.15,6.21
2024-02-13,TikTok,B,10670,399,15,45.59,846.81,0.03739456419868791,0.03759398496240601,3.04,18.57
2024-01-30,Email,B,2818,230,25,2.64,1409.35,0.08161816891412349,0.10869565217391304,0.11,533.84
2024-03-12,Google Search,B,4992,236,23,57.99,1129.14,0.047275641025641024,0.09745762711864407,2.52,19.47
2024-01-23,Instagram,A,9540,146,4,51.29,200.85,0.015303983228511531,0.0273972602739726,12.82,3.92
2024-03-27,Instagram,B,8372,172,6,45.38,310.03,0.020544672718585764,0.03488372093023256,7.56,6.83
2024-01-07,TikTok,A,6373,104,2,24.51,111.4,0.016318845127883258,0.019230769230769232,12.26,4.55
2024-02-07,Email,B,3600,265,28,3.75,1521.12,0.07361111111111111,0.10566037735849057,0.13,405.63
2024-02-14,Facebook,A,8152,156,9,51.47,582.29,0.019136408243375858,0.057692307692307696,5.72,11.31
2024-01-21,TikTok,B,8567,249,8,32.82,465.52,0.029065016925411462,0.0321285140562249,4.1,14.18
2024-01-17,Google Search,B,4899,202,15,61.07,783.86,0.04123290467442335,0.07425742574257425,4.07,12.84
2024-01-01,Instagram,A,9364,138,5,52.8,220.27,0.014737291755659975,0.036231884057971016,10.56,4.17
2024-01-23,Google Search,A,4732,219,24,57.3,1407.15,0.04628064243448859,0.1095890410958904,2.39,24.56
2024-02-11,TikTok,B,9400,275,12,39.08,600.54,0.02925531914893617,0.04363636363636364,3.26,15.37
2024-01-08,Email,A,2913,299,34,2.87,1990.23,0.10264332303467216,0.11371237458193979,0.08,693.46
2024-03-09,Google Search,B,4858,179,10,59.49,674.87,0.03684643886372993,0.055865921787709494,5.95,11.34
2024-01-06,Facebook,A,7123,145,7,48.21,346.49,0.020356591323880388,0.04827586206896552,6.89,7.19
2024-02-18,Instagram,A,8927,137,5,44.91,249.85,0.01534670101937941,0.0364963503649635,8.98,5.56
2024-02-01,Facebook,A,8624,174,7,53.92,409.81,0.020176252319109463,0.040229885057471264,7.7,7.6
2024-03-24,TikTok,A,11563,224,5,36.615,336.06,0.019372135259015825,0.022321428571428572,7.32,9.18
2024-02-12,Google Search,A,4967,203,20,55.38,872.66,0.04086974028588685,0.09852216748768473,2.77,15.76
2024-01-23,TikTok,B,8762,329,13,36.08,672,0.037548504907555354,0.03951367781155015,2.78,18.63
2024-01-18,Instagram,B,8709,180,6,54.18,338.18,0.020668274199104376,0.03333333333333333,9.03,6.24
2024-03-23,TikTok,A,12319,210,4,36.615,232.64,0.017046838217387776,0.01904761904761905,9.15,6.35
2024-02-07,Facebook,A,7159,165,8,48.39,400.87,0.023047911719513897,0.048484848484848485,6.05,8.28
2024-03-20,Facebook,B,7253,175,9,46.03,657.25,0.02412794705639046,0.05142857142857143,5.11,14.28
2024-01-13,Instagram,B,10408,246,10,55.35,441.63,0.02363566487317448,0.04065040650406504,5.54,7.98
2024-03-28,Email,B,2968,270,24,2.75,1184.33,0.09097035040431267,0.08888888888888889,0.11,430.67
2024-01-02,Email,B,3027,297,35,3,1516.42,0.0981169474727453,0.11784511784511785,0.09,505.47
2024-03-21,Instagram,A,7205,115,4,38.41,306.46,0.015961138098542677,0.034782608695652174,9.6,7.98
2024-02-20,TikTok,B,10556,371,15,38.67,691.94,0.035145888594164454,0.04043126684636118,2.58,17.89
2024-03-02,Email,B,2683,238,31,2.48,1780.15,0.0887066716362281,0.13025210084033614,0.08,717.8
2024-02-18,Facebook,B,7519,166,9,49.61,496.9,0.022077403910094426,0.05421686746987952,5.51,10.02
2024-02-12,Email,A,3056,233,31,2.88,1677.82,0.07624345549738219,0.13304721030042918,0.09,582.58
2024-01-09,Email,A,2999,161,18,2.69,1036.22,0.05368456152050684,0.11180124223602485,0.15,385.21
2024-03-08,Facebook,A,8101,117,4,52.64,217.39,0.014442661399827183,0.03418803418803419,13.16,4.13
2024-01-30,Instagram,A,9550,132,5,52.28,320.6,0.01382198952879581,0.03787878787878788,10.46,6.13
2024-03-07,Instagram,A,9338,127,4,52.92,223.73,0.013600342685799956,0.031496062992125984,13.23,4.23
2024-03-26,Email,B,2494,189,20,2.32,730.9,0.07578187650360867,0.10582010582010581,0.12,315.04
2024-03-14,Google Search,A,5320,212,24,61.27,1530.38,0.03984962406015038,0.11320754716981132,2.55,24.98
2024-01-19,TikTok,B,6619,178,8,23.65,418.13,0.026892279800574105,0.0449438202247191,2.96,17.68
2024-03-20,Google Search,A,5829,201,20,71.28,1003,0.034482758620689655,0.09950248756218906,3.56,14.07
2024-03-04,Instagram,B,7087,162,7,39.07,350.13,0.022858755467757865,0.043209876543209874,5.58,8.96
2024-03-12,Instagram,A,8476,176,5,48.29,321.71,0.020764511562057573,0.028409090909090908,9.66,6.66
2024-03-04,Facebook,B,7332,183,9,51.3,546.57,0.02495908346972177,0.04918032786885246,5.7,10.65
2024-01-17,Google Search,A,5109,258,22,61.27,1014.1,0.05049911920140928,0.08527131782945736,2.79,16.55
2024-03-29,Email,B,2869,232,28,2.92,1472.72,0.08086441268734751,0.1206896551724138,0.1,504.36
2024-02-14,Google Search,B,4446,189,17,51.69,785.04,0.04251012145748988,0.08994708994708994,3.04,15.19
2024-03-19,Instagram,A,8173,108,4,42.81,251.25,0.013214242016395449,0.037037037037037035,10.7,5.87
2024-03-18,Email,B,2964,310,37,2.95,1586.42,0.10458839406207827,0.11935483870967742,0.08,537.77
2024-01-27,Google Search,B,5254,147,14,64.91,692.76,0.027978682908260374,0.09523809523809523,4.64,10.67
2024-03-15,TikTok,A,10234,170,5,40.94,224.74,0.016611295681063124,0.029411764705882353,8.19,5.49
2024-01-14,Google Search,B,5282,235,16,61.51,776.81,0.04449072321090496,0.06808510638297872,3.84,12.63
2024-01-03,Email,B,2963,354,27,3.14,1391.44,0.11947350658116773,0.07627118644067797,0.12,443.13
2024-02-21,TikTok,B,10150,219,12,40.69,678.12,0.021576354679802956,0.0547945205479452,3.39,16.67
2024-01-26,TikTok,A,7959,151,4,34.18,225.45,0.018972232692549315,0.026490066225165563,8.54,6.6
2024-01-29,Google Search,B,4803,173,15,58.33,715.94,0.036019154694982305,0.08670520231213873,3.89,12.27
2024-03-15,Email,A,3044,252,31,3.1,1515.6,0.08278580814717477,0.12301587301587301,0.1,488.9
2024-03-07,Facebook,A,7219,135,6,43.87,410.97,0.01870065105970356,0.044444444444444446,7.31,9.37
2024-02-13,Facebook,B,7082,135,6,47.98,244.66,0.01906241174809376,0.044444444444444446,8,5.1
2024-03-08,Google Search,A,4862,194,19,58.96,1098.9,0.03990127519539284,0.0979381443298969,3.1,18.64
2024-03-14,Google Search,B,4141,143,11,54.55,515.34,0.034532721564839414,0.07692307692307693,4.96,9.45
2024-03-28,Facebook,B,7445,199,11,52,604.48,0.026729348556077906,0.05527638190954774,4.73,11.62
2024-03-29,Google Search,A,4357,154,15,51.49,943.13,0.035345421161349554,0.09740259740259741,3.43,18.32
2024-02-05,Email,B,2673,259,26,2.62,1404.26,0.09689487467265245,0.10038610038610038,0.1,535.98
2024-03-26,TikTok,B,12627,363,16,51.49,889.74,0.02874792112140651,0.0440771349862259,3.22,17.28
2024-02-26,Google Search,B,6187,220,20,70.63,1089.41,0.03555842896395668,0.09090909090909091,3.53,15.42
2024-02-03,Google Search,B,4791,187,17,57.59,1098.56,0.03903151742851179,0.09090909090909091,3.39,19.08
2024-01-08,Google Search,A,5366,221,24,65.96,1415.68,0.041185240402534476,0.1085972850678733,2.75,21.46
2024-04-03,Instagram,A,8675,148,4,47.59,244.67,0.017060518731988474,0.02702702702702703,11.9,5.14
2024-01-30,TikTok,B,8798,238,12,33.49,543.8,0.027051602636962945,0.05042016806722689,2.79,16.24
2024-03-25,Facebook,A,7144,132,4,43.68,238.17,0.018477043673012318,0.030303030303030304,10.92,5.45
2024-03-01,Email,A,3384,294,35,3.39,1800.52,0.08687943262411348,0.11904761904761904,0.1,531.13
2024-01-14,Google Search,A,4447,197,17,56.51,1018.41,0.04429952777153137,0.08629441624365482,3.32,18.02
2024-02-06,TikTok,A,10480,183,5,40.56,243.03,0.017461832061068702,0.0273224043715847,8.11,5.99
2024-02-11,Email,B,2790,231,31,2.79,1262.72,0.08279569892473118,0.1341991341991342,0.09,452.59
2024-03-27,Facebook,A,8308,153,6,57.4,296.88,0.018415984593163216,0.0392156862745098,9.57,5.17
2024-03-14,TikTok,A,10762,209,6,48.19,262.67,0.019420182122282102,0.028708133971291867,8.03,5.45
2024-02-04,Google Search,A,4213,192,19,48.43,915.06,0.04557322572988369,0.09895833333333333,2.55,18.89
2024-02-05,Facebook,A,7325,164,7,48.77,464.74,0.022389078498293514,0.042682926829268296,6.97,9.53
2024-02-17,Google Search,A,5010,250,20,61.27,1098.29,0.0499001996007984,0.08,3.06,17.93
2024-03-23,Instagram,B,7408,148,5,41.19,309.78,0.01997840172786177,0.033783783783783786,8.24,7.52
2024-01-07,Instagram,A,8868,145,6,51.18,359.14,0.016350924672981507,0.041379310344827586,8.53,7.02
2024-03-06,Google Search,A,5371,222,21,65.95,1159.56,0.04133308508657606,0.0945945945945946,3.14,17.58
2024-02-10,TikTok,B,9356,272,11,40.2,622.04,0.02907225309961522,0.04044117647058824,3.65,15.47
2024-01-17,Email,A,2864,227,24,2.91,1173.31,0.07925977653631285,0.10572687224669604,0.12,403.2
2024-02-15,Email,A,2908,255,26,2.8,1415.08,0.08768913342503439,0.10196078431372549,0.11,505.39
2024-03-29,Google Search,B,5831,198,14,67.88,760.23,0.03395643971874464,0.0707070707070707,4.85,11.2
2024-03-30,Google Search,B,5614,164,19,71.27,1017.79,0.02921268257926612,0.11585365853658537,3.75,14.28
2024-03-16,Facebook,B,7863,185,9,49.98,436.82,0.02352791555385985,0.04864864864864865,5.55,8.74
2024-07-03,TikTok,A,11943,274,5,53.15,212.43,0.022942309302520305,0.01824817518248175,10.63,4
2024-01-09,Email,B,3197,280,33,3.16,1735.96,0.08758210822646231,0.11785714285714285,0.1,549.35
2024-01-30,Email,A,2682,258,28,2.56,1606.17,0.09619686800894854,0.10852713178294573,0.09,627.41
2024-03-17,Instagram,A,9400,144,4,53.9,177.46,0.015319148936170212,0.027777777777777776,13.47,3.29
2024-01-01,Instagram,B,8904,205,7,44.77,409.24,0.02302336028751123,0.03414634146341464,6.4,9.14
2024-03-27,Email,B,2991,247,31,2.83,1739.34,0.0825810765630224,0.12550607287449392,0.09,614.61
2024-03-07,Google Search,B,5441,155,16,67.14,777.25,0.028487410402499542,0.1032258064516129,4.2,11.58
2024-02-01,Google Search,B,4804,226,26,62.29,1394.08,0.04704412989175687,0.11504424778761062,2.4,22.38
2024-03-05,Instagram,A,8291,157,4,45.96,225.85,0.01893619587504523,0.025477707006369428,11.49,4.91
2024-01-22,Facebook,B,8337,198,11,53.42,611.43,0.02374955019791292,0.05555555555555555,4.86,11.45
2024-01-30,Facebook,A,8099,112,5,54.2,311.31,0.013828867761452032,0.044642857142857144,10.84,5.74
2024-02-04,Google Search,B,5646,209,19,60.39,918.85,0.03701735742118314,0.09090909090909091,3.18,15.22
2024-01-20,Instagram,A,8177,130,5,41.3,317.2,0.01589825119236884,0.038461538461538464,8.26,7.68
2024-03-22,Google Search,A,5279,133,10,65.21,685.31,0.025194165561659404,0.07518796992481203,6.52,10.51
2024-01-16,TikTok,A,7827,134,3,30.81,167.74,0.017120224862654913,0.022388059701492536,10.27,5.44
2024-03-22,Facebook,A,6707,114,5,44.57,276.54,0.0169971671388102,0.043859649122807015,8.91,6.2
2024-03-11,Email,A,3180,226,18,3.37,1063.6,0.0710691823899371,0.07964601769911504,0.19,315.61
2024-02-29,Facebook,A,6579,112,5,44.19,243.66,0.017023863809089528,0.044642857142857144,8.84,5.51
2024-03-08,Instagram,A,8720,124,3,46.45,176.82,0.014220183486238533,0.024193548387096774,15.48,3.81
2024-02-16,Google Search,B,5130,181,18,65.98,1014.67,0.035282651072124756,0.09944751381215469,3.67,15.38
2024-01-13,Instagram,A,8406,147,4,49.45,168.72,0.01748750892219843,0.027210884353741496,12.36,3.41
2024-03-04,Google Search,A,6001,208,19,71.99,761.15,0.034660889851691384,0.09134615384615384,3.79,10.57
2024-01-11,Instagram,A,8352,167,7,45.31,413.77,0.019995210727969347,0.041916167664670656,6.47,9.13
2024-01-02,Google Search,A,4946,211,22,61.3,1127.48,0.042660735948241005,0.10426540284360189,2.79,18.39
2024-02-13,Facebook,A,9420,201,10,59.26,448.97,0.021337579617834394,0.04975124378109453,5.93,7.58
2024-02-26,TikTok,B,9567,266,10,38.13,644.58,0.027803909271453955,0.03759398496240601,3.81,16.9
2024-03-03,TikTok,B,10440,349,14,40.31,725.89,0.03342911877394636,0.04011461318051576,2.88,18.01
2024-02-22,Google Search,A,5353,228,20,60.44,1004.74,0.04259293853913693,0.08771929824561403,3.02,16.62
2024-03-08,Facebook,B,8207,193,10,50,561.78,0.023516510296088703,0.05181347150259067,5,11.24
2024-02-08,Email,A,2891,207,22,2.61,1116.99,0.07160152196471808,0.10628019323671498,0.12,427.97
2024-03-24,Email,B,3053,241,22,3.28,1088.39,0.07893874877169997,0.0912863070539419,0.15,331.83
2024-03-19,Facebook,B,6898,158,9,45.56,572.52,0.022905189910118876,0.056962025316455694,5.06,12.57
2024-02-13,Google Search,A,4460,200,16,52.11,792.07,0.04484304932735426,0.08,3.26,15.2
2024-03-27,Google Search,B,5049,180,15,61.88,693.65,0.035650623885918005,0.08333333333333333,4.13,11.21
2024-01-06,Email,A,2778,249,32,3.12,1717.44,0.08963282937365011,0.1285140562248996,0.1,550.46
2024-01-25,TikTok,B,7657,243,11,29.86,607.85,0.03173566671019982,0.04526748971193416,2.71,20.36
2024-02-27,TikTok,A,7912,132,5,31.34,262.59,0.016683518705763397,0.03787878787878788,6.27,8.38
2024-01-13,Email,B,3259,317,37,3.34,2281.05,0.09726910095121202,0.1167192429022082,0.09,682.95
2024-01-22,TikTok,B,9184,251,9,38.49,682.38,0.0273301393728223,0.035856573705179286,4.28,17.73
2024-10-03,TikTok,B,9607,223,6,37.57,299.48,0.023212241074216718,0.026905829596412557,6.26,7.97
2024-01-30,Instagram,B,8400,168,8,47.83,519.11,0.02,0.047619047619047616,5.98,10.85
2024-03-23,Facebook,B,7760,209,14,51.35,829.64,0.02693298969072165,0.06698564593301436,3.67,16.16
2024-02-12,Instagram,A,8430,112,3,44.83,214.9,0.0132858837485172,0.026785714285714284,14.94,4.79
2024-02-13,Google Search,B,5534,211,16,66.42,728.41,0.038127936393205636,0.07582938388625593,4.15,10.97
2024-02-28,TikTok,A,8696,202,5,30.91,210.42,0.023229070837166514,0.024752475247524754,6.18,6.81
2024-02-23,Facebook,B,8685,136,7,51.04,348.2,0.01565918249856074,0.051470588235294115,7.29,6.82
2024-02-17,Email,B,2926,231,24,3.05,1305.86,0.07894736842105263,0.1038961038961039,0.13,428.15
2024-03-10,Instagram,B,8008,173,7,46.72,399.8,0.021603396603396604,0.04046242774566474,6.67,8.56
2024-03-18,Instagram,B,10559,189,6,63.18,247.73,0.01789942229377782,0.031746031746031744,10.53,3.92
2024-02-18,Facebook,A,9062,158,8,61.72,480.54,0.017435444714191128,0.05063291139240506,7.72,7.79
2024-01-15,TikTok,B,7445,184,7,29.8,358.88,0.024714573539288114,0.03804347826086957,4.26,12.04
2024-03-16,Email,B,2849,255,24,2.9,1339.89,0.08950508950508951,0.09411764705882353,0.12,462.03
2024-03-28,Instagram,B,8144,199,8,45.59,514.89,0.02443516699410609,0.04020100502512563,5.7,11.29
2024-01-22,TikTok,A,7138,155,3,26.57,161.68,0.02171476604090782,0.01935483870967742,8.86,6.09
2024-03-25,Instagram,A,8595,118,2,44.8,124.33,0.01372891215823153,0.01694915254237288,22.4,2.78
2024-03-10,Instagram,A,8279,116,3,46.08,183.4,0.014011354028264283,0.02586206896551724,15.36,3.98
2024-02-05,Email,A,2803,227,23,2.73,914.51,0.08098465929361398,0.1013215859030837,0.12,334.99
2024-02-15,Facebook,B,9171,335,18,61.21,1181.66,0.03652818667538982,0.05373134328358209,3.4,19.31
2024-01-31,Email,A,3261,304,40,3.36,2065.48,0.0932229377491567,0.13157894736842105,0.08,614.73
2024-02-08,Instagram,B,9522,167,7,53.78,318.1,0.017538332283133794,0.041916167664670656,7.68,5.91
2024-01-24,Instagram,B,9150,184,7,46.46,467.23,0.02010928961748634,0.03804347826086957,6.64,10.06
2024-02-16,Instagram,B,9078,223,10,49.13,516.55,0.02456488213262833,0.04484304932735426,4.91,10.51
2024-03-01,Google Search,A,4796,168,16,54.75,900.38,0.03502919099249374,0.09523809523809523,3.42,16.45
2024-02-27,Google Search,A,4729,196,19,59.85,1191,0.04144639458659336,0.09693877551020408,3.15,19.9
2024-03-30,Google Search,A,5332,204,18,68.48,1016.98,0.03825956489122281,0.08823529411764706,3.8,14.85
2024-02-22,TikTok,A,9326,178,5,40.92,250.3,0.019086425048252198,0.028089887640449437,8.18,6.12
2024-01-04,Instagram,B,7886,201,7,40.48,445.8,0.025488206949023585,0.03482587064676617,5.78,11.01
2024-02-19,Instagram,B,9812,288,9,56.19,467.95,0.029351814105177332,0.03125,6.24,8.33
2024-01-09,Google Search,A,5028,168,15,58.92,996.52,0.03341288782816229,0.08928571428571429,3.93,16.91
2024-02-16,Google Search,A,4690,144,15,62.61,779.15,0.03070362473347548,0.10416666666666667,4.17,12.44
2024-03-26,Facebook,B,7925,251,10,58,487.48,0.03167192429022082,0.0398406374501992,5.8,8.4
2024-02-19,TikTok,A,7049,101,2,28.7,107.69,0.014328273513973613,0.019801980198019802,14.35,3.75
2024-02-21,Instagram,B,8558,192,8,46.08,523.9,0.02243514839915868,0.041666666666666664,5.76,11.37
2024-02-04,Facebook,A,9159,140,5,53.11,215.74,0.015285511518724752,0.03571428571428571,10.62,4.06
2024-03-23,TikTok,B,7865,185,7,29.96,400.48,0.023521932612841703,0.03783783783783784,4.28,13.37
2024-02-28,Email,B,3560,242,20,3.03,967.68,0.06797752808988763,0.08264462809917356,0.15,319.37
2024-03-12,Google Search,A,5635,198,17,67.16,923.29,0.03513753327417923,0.08585858585858586,3.95,13.75
2024-02-01,Instagram,B,8143,202,9,42.81,474.73,0.02480658234066069,0.04455445544554455,4.76,11.09
2024-02-22,Email,B,3186,307,35,3.25,2005.61,0.09635907093534213,0.11400651465798045,0.09,617.11
2024-02-26,Instagram,B,10983,204,8,61.66,479.4,0.01857416006555586,0.0392156862745098,7.71,7.77
2024-01-01,Google Search,A,5182,185,16,65.4,977.04,0.035700501736781166,0.08648648648648649,4.09,14.94
2024-03-06,Email,A,2490,184,23,2.7,1281.53,0.07389558232931727,0.125,0.12,474.64
2024-03-21,Email,B,2670,259,32,2.75,1856.37,0.09700374531835206,0.12355212355212356,0.09,675.04
2024-02-12,Google Search,B,4531,169,15,54.58,671.84,0.0372986095784595,0.08875739644970414,3.64,12.31
2024-01-07,Email,B,3298,287,32,3.08,1329.28,0.08702243784111582,0.11149825783972125,0.1,431.58
2024-03-17,Google Search,B,4680,182,16,61.39,752.23,0.03888888888888889,0.08791208791208792,3.84,12.25
2024-02-19,Facebook,A,7688,135,7,44.87,329.27,0.017559833506763788,0.05185185185185185,6.41,7.34
2024-01-22,Email,A,3149,253,30,3.09,1953.52,0.08034296602095903,0.11857707509881422,0.1,632.21
2024-01-02,Instagram,B,9249,232,10,52.43,481.14,0.025083792842469456,0.04310344827586207,5.24,9.18
2024-01-19,Instagram,B,6337,114,5,31.53,297.23,0.01798958497711851,0.043859649122807015,6.31,9.43
2024-01-24,TikTok,B,6275,208,10,22.51,585.27,0.033147410358565735,0.04807692307692308,2.25,26
2024-01-29,Email,A,2623,204,23,2.64,1266.26,0.07777354174609226,0.11274509803921569,0.11,479.64
2024-01-18,Email,B,2942,284,38,2.97,2040.32,0.09653297076818491,0.13380281690140844,0.08,686.98
2024-03-30,Instagram,B,9360,199,8,49.55,554.52,0.02126068376068376,0.04020100502512563,6.19,11.19
2024-02-23,Instagram,A,9663,151,5,54.06,286.67,0.015626616992652387,0.033112582781456956,10.81,5.3
2024-03-17,TikTok,B,11622,489,22,44.11,931.6,0.04207537429013939,0.044989775051124746,2,21.12
2024-03-26,Instagram,B,7334,183,8,40.88,378.49,0.0249522770657213,0.04371584699453552,5.11,9.26
2024-02-15,Email,B,2975,186,18,2.95,891.73,0.06252100840336135,0.0967741935483871,0.16,302.28
2024-02-28,Instagram,B,8507,159,5,43.86,310.98,0.018690490184553897,0.031446540880503145,8.77,7.09
2024-02-11,TikTok,A,9863,178,5,40.32,232.86,0.018047247287843456,0.028089887640449437,8.06,5.78
2024-03-29,Email,A,2908,214,27,3.14,2077.98,0.07359009628610728,0.1261682242990654,0.12,661.78
2024-01-16,Email,B,3388,251,29,3.41,1314.93,0.07408500590318771,0.11553784860557768,0.12,385.61
2024-03-30,Email,A,3021,286,38,2.98,2183.79,0.09467063886130421,0.13286713286713286,0.08,732.82
2024-03-09,Facebook,B,6970,143,7,43.33,517.7,0.020516499282639884,0.04895104895104895,6.19,11.95
2024-02-02,Facebook,A,8023,123,6,51.52,388.88,0.015330923594665338,0.04878048780487805,8.59,7.55
2024-01-20,Google Search,B,4424,157,17,51.42,1079.14,0.035488245931283906,0.10828025477707007,3.02,20.99
2024-01-04,TikTok,B,8059,274,11,29.67,616.34,0.03399925549075568,0.040145985401459854,2.7,20.77
2024-07-02,Google Search,B,5428,207,16,66.07,867.58,0.038135593220338986,0.07729468599033816,4.13,13.13
2024-03-01,Email,B,2564,143,20,2.45,1303.44,0.055772230889235566,0.13986013986013987,0.12,532.02
2024-01-23,Google Search,B,4945,226,18,64.08,1126.99,0.04570273003033367,0.07964601769911504,3.56,17.59
2024-02-03,Email,B,3161,413,55,3.23,3769.72,0.13065485605820942,0.13317191283292978,0.06,1167.1
2024-03-24,Facebook,A,6874,121,5,42.78,311.51,0.017602560372417805,0.04132231404958678,8.56,7.28
2024-01-01,TikTok,A,8413,107,3,29.59,154.65,0.012718411981457269,0.028037383177570093,9.86,5.23
2024-02-01,Facebook,B,8036,189,8,48.7,488.61,0.023519163763066203,0.042328042328042326,6.09,10.03
2024-01-03,Instagram,B,9095,180,6,47.28,383.44,0.019791094007696537,0.03333333333333333,7.88,8.11
2024-01-30,TikTok,A,7470,138,3,31.76,142.07,0.018473895582329317,0.021739130434782608,10.59,4.47
2024-02-14,TikTok,B,7830,222,10,30.55,576.82,0.028352490421455937,0.04504504504504504,3.06,18.88
2024-02-02,Google Search,B,4907,211,16,60.77,1097.14,0.042999796209496635,0.07582938388625593,3.8,18.05
2024-03-30,Facebook,B,7675,159,6,52.47,316.98,0.020716612377850163,0.03773584905660377,8.74,6.04
2024-02-02,TikTok,A,9726,154,4,40.16,193.83,0.015833847419288505,0.025974025974025976,10.04,4.83
2024-01-18,Google Search,B,4443,182,15,51.24,885.62,0.04096331307674994,0.08241758241758242,3.42,17.28
2024-01-18,Facebook,B,8446,214,10,59.63,666.75,0.02533743784039782,0.04672897196261682,5.96,11.18
2024-03-29,Facebook,B,7894,254,13,54.94,732.08,0.03217633645806942,0.051181102362204724,4.23,13.33
2024-01-29,TikTok,A,10427,220,5,44.19,269.01,0.021099069722834946,0.022727272727272728,8.84,6.09
2024-02-09,Instagram,B,7467,183,6,41.2,304.05,0.02450783447167537,0.03278688524590164,6.87,7.38
2024-01-13,Facebook,A,7801,101,5,51.89,307.12,0.012947058069478271,0.04950495049504951,10.38,5.92
2024-01-18,Google Search,A,4872,222,20,64.04,1064.7,0.04556650246305419,0.09009009009009009,3.2,16.63
2024-03-04,Email,B,2896,299,30,2.8,1354.19,0.10324585635359115,0.10033444816053512,0.09,483.64
2024-02-19,Instagram,A,9500,104,2,48.28,94.27,0.010947368421052631,0.019230769230769232,24.14,1.95
2024-01-12,Facebook,B,8260,201,10,52.52,562.16,0.02433414043583535,0.04975124378109453,5.25,10.7
2024-01-17,Email,B,3199,303,23,3.14,1035.7,0.0947170990934667,0.07590759075907591,0.14,329.84
2024-04-01,Facebook,B,6759,136,8,42.65,417.91,0.020121319721852344,0.058823529411764705,5.33,9.8
2024-01-25,Instagram,B,9840,199,7,58.45,449.48,0.020223577235772356,0.035175879396984924,8.35,7.69
2024-02-03,TikTok,A,8301,118,2,35.34,133.54,0.01421515480062643,0.01694915254237288,17.67,3.78
2024-03-04,Google Search,B,5410,148,11,59.46,780.2,0.02735674676524954,0.07432432432432433,5.41,13.12
2024-02-13,Email,B,2859,255,27,2.88,1487.02,0.08919202518363065,0.10588235294117647,0.11,516.33
2024-03-17,Google Search,A,4638,155,13,55.39,648.44,0.03341957740405347,0.08387096774193549,4.26,11.71
2024-01-19,Email,A,3024,237,24,3.1,900.84,0.07837301587301587,0.10126582278481013,0.13,290.59
2024-03-13,TikTok,B,9115,317,12,34.47,590.9,0.034777838727372466,0.03785488958990536,2.87,17.14
2024-03-09,Instagram,B,10102,246,10,59.64,509.36,0.024351613541872895,0.04065040650406504,5.96,8.54
2024-02-20,Facebook,A,8494,110,6,48.75,332,0.012950317871438662,0.05454545454545454,8.12,6.81
2024-03-05,Email,B,3533,362,35,3.56,1968.02,0.10246249646193037,0.09668508287292818,0.1,552.81
2024-02-23,Email,B,2868,258,33,2.81,1553.85,0.0899581589958159,0.12790697674418605,0.09,552.97
2024-03-17,Email,B,2910,280,33,2.98,1938.59,0.09621993127147767,0.11785714285714285,0.09,650.53
2024-01-21,Facebook,A,9860,170,9,65.02,415.67,0.017241379310344827,0.052941176470588235,7.22,6.39
2024-02-03,Instagram,B,8522,194,6,47.83,327.05,0.022764609246655715,0.030927835051546393,7.97,6.84
2024-01-26,Facebook,A,6759,158,7,44.02,468.01,0.023376239088622578,0.04430379746835443,6.29,10.63
2024-01-20,Facebook,A,9044,186,7,61.02,427.77,0.02056612118531623,0.03763440860215054,8.72,7.01
2024-01-15,Facebook,B,8314,251,16,54.03,1098.84,0.030190040894876112,0.06374501992031872,3.38,20.34
2024-03-16,Instagram,B,9945,223,6,55.04,258.87,0.022423328305681247,0.026905829596412557,9.17,4.7
2024-02-26,Email,B,2825,229,22,2.63,1152.28,0.08106194690265486,0.09606986899563319,0.12,438.13
2024-02-23,Instagram,B,11197,165,4,68.25,281.54,0.014736090024113602,0.024242424242424242,17.06,4.13
2024-01-26,Email,A,3374,261,31,3.71,1663.62,0.07735625370480143,0.11877394636015326,0.12,448.42
2024-01-26,Facebook,B,7689,167,9,47.93,434.3,0.02171933931590584,0.05389221556886228,5.33,9.06
2024-03-08,TikTok,B,12778,531,18,54.32,1038.18,0.04155579902958209,0.03389830508474576,3.02,19.11
2024-02-16,Facebook,B,9184,207,10,59.98,515.16,0.022539198606271776,0.04830917874396135,6,8.59
2024-03-11,Email,B,3215,305,37,3.03,1823.53,0.09486780715396578,0.12131147540983607,0.08,601.83
2024-01-17,TikTok,A,8760,144,4,36.7,252.54,0.01643835616438356,0.027777777777777776,9.18,6.88
2024-02-15,TikTok,B,9697,287,12,40.78,784.95,0.029596782510054657,0.041811846689895474,3.4,19.25
2024-03-17,Email,A,3056,281,31,3.29,1970.62,0.09195026178010471,0.1103202846975089,0.11,598.97
2024-04-03,Facebook,A,9161,120,6,56.76,289.61,0.013099006658661719,0.05,9.46,5.1
2024-02-15,Instagram,B,9207,209,10,53.58,650.31,0.022700119474313024,0.04784688995215311,5.36,12.14
2024-01-09,Google Search,B,5025,180,14,55.64,672.86,0.03582089552238806,0.07777777777777778,3.97,12.09
2024-03-26,TikTok,A,11990,213,6,48.18,371.63,0.017764804003336115,0.028169014084507043,8.03,7.71
2024-01-26,TikTok,B,8548,297,13,33.8,787.01,0.03474496958352831,0.04377104377104377,2.6,23.28
2024-03-07,Email,B,2919,229,23,2.66,1149.62,0.07845152449468996,0.10043668122270742,0.12,432.19
2024-01-16,Facebook,B,6440,154,7,43.27,394.05,0.02391304347826087,0.045454545454545456,6.18,9.11
2024-01-22,Google Search,A,5002,220,17,58.18,857.73,0.043982407037185124,0.07727272727272727,3.42,14.74
2024-01-29,Facebook,B,6581,157,8,41.91,489.79,0.02385655675429266,0.050955414012738856,5.24,11.69
2024-01-08,Google Search,B,4564,176,11,58.57,556.64,0.03856266432953549,0.0625,5.32,9.5
2024-02-10,Instagram,B,9329,222,10,52.3,505.2,0.023796762782720547,0.04504504504504504,5.23,9.66
2024-01-28,Google Search,A,5360,277,19,63.88,1142.67,0.05167910447761194,0.06859205776173286,3.36,17.89
2024-01-05,Email,B,2684,279,30,2.68,1643.59,0.10394932935916543,0.10752688172043011,0.09,613.28
2024-03-26,Google Search,B,5139,147,9,58.51,433.19,0.028604786923525978,0.061224489795918366,6.5,7.4
2024-02-25,Facebook,B,9118,263,14,50.79,853.67,0.02884404474665497,0.053231939163498096,3.63,16.81
2024-01-09,Instagram,B,8101,152,6,46.54,301.92,0.01876311566473275,0.039473684210526314,7.76,6.49
2024-01-01,Facebook,A,9097,196,8,60.48,453.18,0.02154556447180389,0.04081632653061224,7.56,7.49
2024-02-28,Facebook,B,8854,232,14,63.11,730.8,0.026202846171222045,0.0603448275862069,4.51,11.58
2024-03-21,TikTok,A,11788,283,6,46.28,325.26,0.024007465218866646,0.02120141342756184,7.71,7.03
2024-01-06,Google Search,A,4401,208,19,51.31,921.52,0.04726198591229266,0.09134615384615384,2.7,17.96
2024-03-13,Instagram,B,9872,213,8,58.31,475.45,0.02157617504051864,0.03755868544600939,7.29,8.15
2024-01-22,Google Search,B,5309,196,17,61.02,791.05,0.036918440384253154,0.08673469387755102,3.59,12.96
2024-01-09,Facebook,A,9068,146,7,64.89,461.04,0.016100573445081607,0.04794520547945205,9.27,7.1
2024-03-19,Google Search,A,5524,225,19,59.22,843.16,0.04073135409123824,0.08444444444444445,3.12,14.24
2024-01-28,TikTok,B,8605,186,7,31.35,287.91,0.021615339918651947,0.03763440860215054,4.48,9.18
2024-02-02,Email,B,2829,197,23,2.73,1263.53,0.06963591375044186,0.116751269035533,0.12,462.83
2024-03-06,Instagram,B,8762,234,7,47.83,325.81,0.026706231454005934,0.029914529914529916,6.83,6.81
2024-02-17,Facebook,A,8173,138,6,51.61,368.45,0.016884864798727518,0.043478260869565216,8.6,7.14
2024-01-24,Google Search,B,5337,267,22,62.03,1345.65,0.05002810567734682,0.08239700374531835,2.82,21.69
2024-03-25,Email,B,2387,202,19,2.42,1052.32,0.08462505236698785,0.09405940594059406,0.13,434.84
2024-03-11,Google Search,B,4954,186,17,52.23,1092.35,0.03754541784416633,0.0913978494623656,3.07,20.91
2024-01-31,Instagram,A,8284,114,4,46.24,218.09,0.013761467889908258,0.03508771929824561,11.56,4.72
2024-03-19,Google Search,B,5153,215,20,59.54,1218.39,0.041723267999223754,0.09302325581395349,2.98,20.46
2024-02-09,Email,A,3046,252,32,3.01,1826.42,0.08273145108338804,0.12698412698412698,0.09,606.78
2024-01-28,Facebook,A,7676,107,5,52.76,287.42,0.013939551849921834,0.04672897196261682,10.55,5.45
2024-01-02,Facebook,A,8258,140,5,57.74,330.68,0.016953257447323806,0.03571428571428571,11.55,5.73
2024-03-28,Google Search,A,4435,174,17,60.44,1211.74,0.03923337091319053,0.09770114942528736,3.56,20.05
2024-03-24,Instagram,B,9326,214,11,54.22,649.21,0.0229466009007077,0.0514018691588785,4.93,11.97
2024-01-11,Instagram,B,8822,242,10,48.91,660.59,0.02743142144638404,0.04132231404958678,4.89,13.51
2024-03-30,Facebook,A,8736,173,7,60.45,444.73,0.019803113553113552,0.04046242774566474,8.64,7.36
2024-03-20,Email,B,2695,251,26,2.69,1321.25,0.09313543599257885,0.10358565737051793,0.1,491.17
2024-01-22,Facebook,A,8181,140,8,54.31,355.68,0.017112822393350446,0.05714285714285714,6.79,6.55
2024-03-01,Instagram,A,10004,149,4,55.7,233.9,0.014894042383046781,0.026845637583892617,13.93,4.2
2024-01-16,TikTok,B,7857,247,10,34.36,467.34,0.03143693521700395,0.04048582995951417,3.44,13.6
2024-01-23,TikTok,A,8931,193,4,36.15,291.13,0.02161012204680327,0.02072538860103627,9.04,8.05
2024-01-15,Google Search,A,4500,196,17,54.99,776.14,0.043555555555555556,0.08673469387755102,3.23,14.11
2024-03-17,Facebook,B,7630,182,10,49.38,591.38,0.023853211009174313,0.054945054945054944,4.94,11.98
2024-01-01,Email,B,2972,152,12,2.85,798.63,0.05114401076716016,0.07894736842105263,0.24,280.22
2024-03-15,Instagram,B,6751,180,8,34.92,457.47,0.026662716634572654,0.044444444444444446,4.36,13.1
2024-01-06,Facebook,B,8039,221,12,47.91,702.82,0.027490981465356387,0.05429864253393665,3.99,14.67
2024-01-27,Facebook,B,7473,200,13,44.59,791.7,0.026763013515321826,0.065,3.43,17.76
2024-02-08,Facebook,A,8078,147,7,49.78,306.39,0.018197573656845753,0.047619047619047616,7.11,6.15
2024-01-22,Email,B,3499,220,17,3.33,979.23,0.06287510717347813,0.07727272727272727,0.2,294.06
2024-03-03,TikTok,A,9262,175,4,38.28,251.81,0.018894407255452387,0.022857142857142857,9.57,6.58
2024-02-14,Email,A,3669,283,34,3.46,1779.6,0.0771327337149087,0.12014134275618374,0.1,514.34
2024-02-15,TikTok,A,8949,124,3,34.85,140.4,0.013856296792937758,0.024193548387096774,11.62,4.03
2024-02-06,Facebook,A,7023,106,5,44.78,342.03,0.015093264986473016,0.04716981132075472,8.96,7.64
2024-01-18,Email,A,3264,315,33,3.3,2131.98,0.09650735294117647,0.10476190476190476,0.1,646.05
2024-01-03,Google Search,A,4498,187,17,53.98,874.52,0.04157403290351267,0.09090909090909091,3.18,16.2
2024-03-23,Email,A,3035,164,17,3.02,1075.69,0.05403624382207578,0.10365853658536585,0.18,356.19
2024-03-12,TikTok,A,8905,141,4,38.39,218.23,0.01583380123526109,0.028368794326241134,9.6,5.68
2024-01-22,Instagram,A,9388,87,3,52.03,171.22,0.009267149552620367,0.034482758620689655,17.34,3.29
2024-01-24,Email,B,3076,230,32,3.01,1445.99,0.07477243172951886,0.1391304347826087,0.09,480.4
2024-01-07,Google Search,B,5368,197,17,64.91,783.51,0.036698956780924,0.08629441624365482,3.82,12.07
2024-03-10,Facebook,B,8288,168,8,53.69,449.16,0.02027027027027027,0.047619047619047616,6.71,8.37
2024-03-11,Facebook,B,6957,168,8,48.35,336.16,0.02414833980163864,0.047619047619047616,6.04,6.95
2024-02-04,Facebook,B,7931,167,10,51.24,597.53,0.021056613289622998,0.059880239520958084,5.12,11.66
2024-01-08,Email,B,3249,219,20,3.35,1138.56,0.06740535549399815,0.091324200913242,0.17,339.87
2024-03-18,Email,A,2351,224,26,2.54,1489.25,0.09527860484900043,0.11607142857142858,0.1,586.32
2024-02-06,Email,A,3285,280,29,3.045,1930.67,0.0852359208523592,0.10357142857142858,0.1,634.05
2024-03-21,Google Search,A,4837,181,12,60.44,641.74,0.037419888360554064,0.06629834254143646,5.04,10.62
2024-02-06,Google Search,A,4649,229,18,58.67,969.18,0.04925790492579049,0.07860262008733625,3.26,16.52
2024-01-01,Google Search,B,5316,209,21,61.85,1032.91,0.03931527464258841,0.10047846889952153,2.95,16.7
2024-03-01,Facebook,A,7451,137,6,45.69,367.64,0.018386793718963897,0.043795620437956206,7.61,8.05
2024-02-08,Google Search,A,5495,261,18,65.6,974.1,0.047497725204731576,0.06896551724137931,3.64,14.85
2024-03-16,Facebook,A,8608,168,7,56.79,415.82,0.019516728624535316,0.041666666666666664,8.11,7.32
2024-03-03,Google Search,B,5530,195,15,60.57,844.97,0.0352622061482821,0.07692307692307693,4.04,13.95
2024-03-28,TikTok,A,12807,290,6,44.96,333.29,0.022643866635433746,0.020689655172413793,7.49,7.41
2024-01-25,Google Search,B,5190,237,24,66.41,1216.22,0.04566473988439306,0.10126582278481013,2.77,18.31
2024-02-13,TikTok,A,9862,237,6,37.76,284.35,0.024031636584871223,0.02531645569620253,6.29,7.53
2024-03-13,Email,A,3559,382,57,3.21,2766.41,0.1073335206518685,0.14921465968586387,0.06,861.81
2024-03-18,Google Search,B,4402,163,13,52.01,881.13,0.03702862335302135,0.07975460122699386,4,16.94
2024-01-07,Google Search,A,5019,189,17,57.9,875.89,0.03765690376569038,0.08994708994708994,3.41,15.13
2024-01-05,TikTok,B,7053,171,8,26.88,377.83,0.024245002126754574,0.04678362573099415,3.36,14.06
2024-02-15,Instagram,A,7823,115,4,48.495,202.5,0.014700242873577912,0.034782608695652174,12.12,4.18
2024-02-11,Google Search,B,5021,217,21,57.61,1304.65,0.04321848237402908,0.0967741935483871,2.74,22.65
2024-02-18,TikTok,B,9272,301,13,39.77,834.4,0.032463330457290766,0.04318936877076412,3.06,20.98
2024-03-07,Instagram,B,9094,136,6,45.43,359.19,0.014954915328788213,0.04411764705882353,7.57,7.91
2024-02-24,Google Search,B,5879,240,23,73.21,1289.17,0.040823269263480184,0.09583333333333334,3.18,17.61
2024-03-23,Google Search,B,5120,191,14,65.47,816.82,0.0373046875,0.07329842931937172,4.68,12.48
2024-02-15,Google Search,A,5214,227,24,58.53,1560.89,0.04353663214422708,0.10572687224669604,2.44,26.67
2024-02-21,Facebook,B,6586,170,9,46.44,500.53,0.0258123291831157,0.052941176470588235,5.16,10.78
2024-03-03,Email,A,3252,207,21,3.16,1112.67,0.06365313653136531,0.10144927536231885,0.15,352.11
2024-02-23,Google Search,B,4511,192,17,52.11,1028.93,0.04256262469518954,0.08854166666666667,3.07,19.75
2024-01-15,Email,A,2637,254,34,3.045,1725.07,0.09632157755024649,0.13385826771653545,0.09,566.53
2024-02-12,Email,B,3162,233,28,3.14,1759.86,0.0736875395319418,0.12017167381974249,0.11,560.46
2024-02-08,Facebook,B,9172,150,8,56.79,414.48,0.016354121238552115,0.05333333333333334,7.1,7.3
2024-02-16,Email,B,3117,242,28,3.13,1609.84,0.07763875521334616,0.11570247933884298,0.11,514.33
2024-01-20,Instagram,B,9476,249,10,55.36,596.64,0.026276910088644998,0.040160642570281124,5.54,10.78
2024-01-08,TikTok,A,7113,133,3,30.44,158.87,0.01869815830170111,0.022556390977443608,10.15,5.22
2024-03-21,Facebook,A,7887,124,4,51.95,229.25,0.01572207429948016,0.03225806451612903,12.99,4.41
2024-09-02,Google Search,A,5046,192,21,62.42,1253.59,0.03804994054696789,0.109375,2.97,20.08
2024-02-15,Facebook,A,7580,114,6,43.88,396.08,0.01503957783641161,0.05263157894736842,7.31,9.03
2024-02-11,Facebook,A,8485,132,4,54.68,252.7,0.015556865055981143,0.030303030303030304,13.67,4.62
2024-01-31,Google Search,A,4506,209,20,60.44,735.55,0.04638260097647581,0.09569377990430622,3.02,12.17
2024-03-22,Email,B,2645,197,25,2.34,1279.78,0.07448015122873346,0.12690355329949238,0.09,546.91
2024-01-21,Instagram,B,8462,140,6,46.24,361.68,0.016544552115339162,0.04285714285714286,7.71,7.82
2024-02-17,TikTok,A,9905,225,6,35.46,292.83,0.02271580010095911,0.02666666666666667,5.91,8.26
2024-01-21,Google Search,A,5485,270,29,66.68,1302.43,0.049225159525979945,0.10740740740740741,2.3,19.53
2024-02-24,Facebook,A,7564,127,7,50.63,359.12,0.016790058170280276,0.05511811023622047,7.23,7.09
2024-02-29,Instagram,A,9806,147,5,52.65,248.93,0.0149908219457475,0.034013605442176874,10.53,4.73
2024-03-12,Facebook,A,9265,155,7,60.55,387.89,0.01672962763086886,0.04516129032258064,8.65,6.41
2024-02-09,Email,B,3008,267,30,2.95,1367.21,0.08876329787234043,0.11235955056179775,0.1,463.46
